--
-- PostgreSQL database dump
--

-- Dumped from database version 14.0
-- Dumped by pg_dump version 14.0

-- Started on 2021-10-26 14:29:50

SET statement_timeout = 0;
SET lock_timeout = 0;
SET idle_in_transaction_session_timeout = 0;
SET client_encoding = 'UTF8';
SET standard_conforming_strings = on;
SELECT pg_catalog.set_config('search_path', '', false);
SET check_function_bodies = false;
SET xmloption = content;
SET client_min_messages = warning;
SET row_security = off;

--
-- TOC entry 3353 (class 0 OID 16678)
-- Dependencies: 210
-- Data for Name: admins; Type: TABLE DATA; Schema: public; Owner: postgres
--

INSERT INTO public.admins (id, name, email, phone, avatar, active, password, remember_token, address, created_at, updated_at) VALUES (16, 'PQP', 'admin@gmail.com', NULL, NULL, 1, '$2a$10$KyNz6fkZit8HvGcvA1UTuuZWFcRpD0ii0nHgla5V5t3IAhkgRI26i', NULL, NULL, NULL, NULL);


--
-- TOC entry 3355 (class 0 OID 16693)
-- Dependencies: 212
-- Data for Name: categories; Type: TABLE DATA; Schema: public; Owner: postgres
--

INSERT INTO public.categories (id, cname, cslug, cicon, cactive, ctitleseo, cdescriptionseo, ckeywordseo, chome, createdat, updatedat) VALUES (15, 'PSU - Nguồn máy tính', 'psu-nguon-may-tinh', '2021-06-07__018-nas.png                                                                                                                                                                        ', 1, 'PSU - Nguồn máy tính', NULL, NULL, 0, '2021-05-09 21:29:12', '2021-06-07 05:01:38');
INSERT INTO public.categories (id, cname, cslug, cicon, cactive, ctitleseo, cdescriptionseo, ckeywordseo, chome, createdat, updatedat) VALUES (16, 'Case - Vỏ máy tính', 'case-vo-may-tinh', '2021-06-07__031-cpu-tower.png                                                                                                                                                                  ', 1, 'Case - Vỏ máy tính', NULL, NULL, 0, '2021-05-09 21:29:24', '2021-06-07 05:01:52');
INSERT INTO public.categories (id, cname, cslug, cicon, cactive, ctitleseo, cdescriptionseo, ckeywordseo, chome, createdat, updatedat) VALUES (18, 'Chuột', 'chuot', '2021-06-07__019-mouse.png                                                                                                                                                                      ', 1, 'Chuột', NULL, NULL, 0, '2021-05-09 21:30:25', '2021-06-07 05:02:08');
INSERT INTO public.categories (id, cname, cslug, cicon, cactive, ctitleseo, cdescriptionseo, ckeywordseo, chome, createdat, updatedat) VALUES (19, 'Bàn phím', 'ban-phim', '2021-06-07__025-keyboard.png                                                                                                                                                                   ', 1, 'Bàn phím', NULL, NULL, 0, '2021-05-09 21:30:31', '2021-06-07 05:02:23');
INSERT INTO public.categories (id, cname, cslug, cicon, cactive, ctitleseo, cdescriptionseo, ckeywordseo, chome, createdat, updatedat) VALUES (20, 'Màn hình', 'man-hinh', '2021-06-07__021-monitor.png                                                                                                                                                                    ', 1, 'Màn hình', NULL, NULL, 0, '2021-05-11 19:19:31', '2021-06-07 05:02:42');
INSERT INTO public.categories (id, cname, cslug, cicon, cactive, ctitleseo, cdescriptionseo, ckeywordseo, chome, createdat, updatedat) VALUES (22, 'Ram - Bộ nhớ phụ', 'ram-bo-nho-phu', '2021-06-07__memory.png                                                                                                                                                                         ', 1, 'Ram - Bộ nhớ phụ', NULL, NULL, 0, '2021-06-07 04:41:16', '2021-06-07 04:41:16');
INSERT INTO public.categories (id, cname, cslug, cicon, cactive, ctitleseo, cdescriptionseo, ckeywordseo, chome, createdat, updatedat) VALUES (11, 'CPU - Vi xử lý', 'cpu-vi-xu-ly', '                                                                                                                                                                                               ', 1, 'CPU', NULL, NULL, 1, '2021-04-07 20:18:06', '2021-06-13 08:35:49');
INSERT INTO public.categories (id, cname, cslug, cicon, cactive, ctitleseo, cdescriptionseo, ckeywordseo, chome, createdat, updatedat) VALUES (13, 'SSD - Ổ cứng thể rắn', 'ssd-o-cung-the-ran', '                                                                                                                                                                                               ', 1, 'SSD - Ổ cứng thể rắn', NULL, NULL, 1, '2021-05-09 21:27:31', '2021-06-07 05:00:46');
INSERT INTO public.categories (id, cname, cslug, cicon, cactive, ctitleseo, cdescriptionseo, ckeywordseo, chome, createdat, updatedat) VALUES (14, 'HDD - Ổ cứng', 'hdd-o-cung', '2021-06-07__026-hard-drive.png                                                                                                                                                                 ', 1, 'HDD - Ổ cứng', NULL, NULL, 1, '2021-05-09 21:28:17', '2021-06-07 05:00:27');
INSERT INTO public.categories (id, cname, cslug, cicon, cactive, ctitleseo, cdescriptionseo, ckeywordseo, chome, createdat, updatedat) VALUES (10, 'MainBoard - Bo mạch chủ', 'mainboard-bo-mach-chu', '                                                                                                                                                                                               ', 1, 'MainBoard', NULL, NULL, 1, '2021-04-07 20:17:29', '2021-06-13 08:35:47');


--
-- TOC entry 3361 (class 0 OID 16741)
-- Dependencies: 218
-- Data for Name: products; Type: TABLE DATA; Schema: public; Owner: postgres
--

INSERT INTO public.products (id, proname, proslug, procategoryid, proprice, proauthorid, prosale, proactive, prohot, proview, prodescription, proavatar, prodescriptionseo, prokeywordseo, protitleseo, procontent, propay, pronumber, prototalrating, prototalnumber, createdat, updatedat) VALUES (10, 'Màn hình cong HKC M27A9X-W White 27" VA 75Hz', 'man-hinh-cong-hkc-m27a9x-w-white-27-va-75hz', 20, 4490000, 1, 11, 1, 1, 0, '-Nhà sản xuất : HKCrnrn-Màu: Trắngrnrn-Tình trạng : NEW - 100%rnrn-Bảo hành : 24 tháng', 'hkc_97be6f3662a148f69261caa4dd4f298a.jpg', 'Màn hình cong HKC M27A9X-W White 27" VA 75Hz', NULL, 'Màn hình cong HKC M27A9X-W White 27" VA 75Hz', '<h2>Đ&aacute;nh gi&aacute;&nbsp;</h2>rnrn<p><img src="https://file.hstatic.net/1000026716/file/57548421_1133345586838589_1936718478819983360_o_5e2515c9e52c4aff875262bda97b0ce0.jpg" /></p>rnrn<p><strong>Th&ocirc;ng số kĩ thuật:</strong>&nbsp;</p>rnrn<p>LED | Panel VA | 27&quot; | 1920 x 1080 | 16:9| 75hz<br />rnĐộ s&aacute;ng: 220 cd/m2 | 3000:1 | 16.7 triệu m&agrave;u<br />rnT/g đ&aacute;p ứng: 12ms (GTG)&nbsp;<br />rnKết nối: VGA| HDMI<br />rnG&oacute;c Nh&igrave;n: 170&deg;(H)/160&deg;(V)<br />rnC&ocirc;ng suất: 30W | 0.5W (nghỉ)<br />rnTrọng lượng 5.59kg | 720x120x460mm<br />rnTreo tường: 75x75mm<br />rnPhụ kiện: Adapter|HDMI cable</p>rnrn<h5>Độ cong ho&agrave;n hảo dễ chịu cho mắt</h5>rnrn<p>Khi l&agrave;m việc tr&ecirc;n m&agrave;n h&igrave;nh phẳng một thời gian d&agrave;i, mắt bạn sẽ bắt đầu cảm thấy mỏi v&agrave; kh&oacute; chịu. M&agrave;n h&igrave;nh cong giảm thiểu mỏi mắt hiệu quả với thiết kế cong tự nhi&ecirc;n, duy tr&igrave; mức độ tập trung tr&ecirc;n to&agrave;n bộ m&agrave;n h&igrave;nh, mang đến trải nghiệm xem thoải m&aacute;i.</p>rnrn<h5>Tỉ lệ tương phản 3000:1</h5>rnrn<p>C&ocirc;ng nghệ tấm nền VA từ Samsung mang đến tỷ lệ tương phản 3000:1 ti&ecirc;n tiến cho sắc đen s&acirc;u hơn, sắc trắng tinh khiết hơn. Tỷ m&agrave;u sắc sống động cho bạn đắm ch&igrave;m v&agrave;o mọi nội dung v&agrave; thế giới giải tr&iacute; của ri&ecirc;ng m&igrave;nh</p>rnrn<p><strong>M&agrave;n H&igrave;nh Cong HKC M27A9X 27 inch (1920x1080) Full HD 75Hz VA</strong>&nbsp;</p>rnrn<p>mở rộng kh&ocirc;ng gian m&agrave;n h&igrave;nh, xem nhiều nội dung chất lượng ho&agrave;n hảo v&agrave; thoải m&aacute;i duyệt web m&agrave; kh&ocirc;ng cần nhiều thao t&aacute;c chuyển động chuột hay ph&oacute;ng to thu nhỏ.</p>rn', 2, 20, 0, 0, '2021-05-11 19:28:39', '2021-05-24 19:58:52');
INSERT INTO public.products (id, proname, proslug, procategoryid, proprice, proauthorid, prosale, proactive, prohot, proview, prodescription, proavatar, prodescriptionseo, prokeywordseo, protitleseo, procontent, propay, pronumber, prototalrating, prototalnumber, createdat, updatedat) VALUES (11, 'Màn hình ViewSonic VX2480-SHDJ 24" IPS 75Hz', 'man-hinh-viewsonic-vx2480-shdj-24-ips-75hz', 20, 4700000, 1, 0, 1, 1, 0, '-Nhà sản xuất : ViewSonicrnrn rnrn-Bảo hành : 36 tháng', 'vx2480-shdj_4bed4f411dee4172872ce7f1d7f92cfb.jpg', 'Màn hình ViewSonic VX2480-SHDJ 24" IPS 75Hz', NULL, 'Màn hình ViewSonic VX2480-SHDJ 24" IPS 75Hz', '<h2><strong>Th&ocirc;ng số Kỹ Thuật:&nbsp;</strong></h2>rnrn<p>&nbsp;</p>rnrn<h3><strong>TỔNG QU&Aacute;T</strong></h3>rnrn<p>&nbsp;</p>rnrn<p>ViewSonic VX2480-SHDJ&nbsp;l&agrave; sản phẩm được kết hợp ho&agrave;n hảo giữa chất lượng h&igrave;nh ảnh v&agrave; thiết kế đẳng cấp. M&agrave;n h&igrave;nh QHD k&iacute;ch cỡ&nbsp;24 inch, hiển thị h&igrave;nh ảnh sắc n&eacute;t v&agrave; video c&oacute; độ chi tiết cao. Tốc độ l&agrave;m mới 75Hz cho ph&eacute;p trải nghiệm mượt m&agrave; từ cuộn web đến chơi game. Với m&agrave;n h&igrave;nh c&oacute; viền mỏng, kiểu d&aacute;ng đẹp v&agrave; thiết kế tối giản, m&agrave;n h&igrave;nh n&agrave;y ho&agrave;n hảo ở nơi l&agrave;m việc hoặc gia đ&igrave;nh. Một ch&acirc;n đế c&ocirc;ng th&aacute;i học với khả năng điều chỉnh xoay, xoay, nghi&ecirc;ng v&agrave; chiều cao, gi&uacute;p tăng sự thoải m&aacute;i khi xem v&agrave; cho ph&eacute;p sắp xếp b&agrave;n l&agrave;m việc linh hoạt. Khả năng bố tr&iacute; v&agrave; quản l&yacute; d&acirc;y c&aacute;p dễ d&agrave;ng khiến cho g&oacute;c của bạn lu&ocirc;n lu&ocirc;n gọn g&agrave;ng. VX2480-SHDJ cũng được trang bị c&aacute;c c&agrave;i đặt trước ViewMode &trade; độc quyền của ViewSonic, mang lại hiệu suất m&agrave;n h&igrave;nh được tối ưu h&oacute;a cho nhiều t&igrave;nh huống như chơi game, chỉnh sửa hoặc xem phim. Ngo&agrave;i ra, đầu v&agrave;o DisplayPort v&agrave; HDMI cung cấp khả năng kết nối linh hoạt.</p>rnrn<p>&nbsp;</p>rnrn<p><img src="https://file.hstatic.net/1000026716/file/z1_0ee49382eb0745ca9614a087b16a2109.jpg" /></p>rnrn<p><img src="https://file.hstatic.net/1000026716/file/z2_15f72da7d6784b65852917c8ab9956ed.jpg" /></p>rnrn<p><img src="https://file.hstatic.net/1000026716/file/z3_8afbd1ad8046428e831bcad6f3e71b9a.jpg" /></p>rnrn<p><img src="https://file.hstatic.net/1000026716/file/z4_7176ec9fb0464d1ab3d4a3a8aa8dfacd.jpg" /></p>rnrn<p><img src="https://file.hstatic.net/1000026716/file/z5_2017f88c0b4743c19aead09fac286ae6.jpg" /></p>rnrn<p><img src="https://file.hstatic.net/1000026716/file/z6_27537e39d7f54c6fa872676d172d103e.jpg" /></p>rnrn<p><img src="https://file.hstatic.net/1000026716/file/z7_8ae1f3478dec4018a0b4fd6470769485.jpg" /></p>rnrn<p><img src="https://file.hstatic.net/1000026716/file/z8_5677ebe1a3d541ed87976afcd001bd0a.jpg" /></p>rnrn<p><img src="https://file.hstatic.net/1000026716/file/z9_0da781677ab9492492dbb9afbdc97150.jpg" /></p>rnrn<p>Display</p>rnrn<p><strong>Display Size (in.):&nbsp;</strong>24</p>rnrn<p><strong>Viewable Area (in.):&nbsp;</strong>23.8</p>rnrn<p><strong>Panel Type:&nbsp;</strong>IPS Technology</p>rnrn<p><strong>Resolution:&nbsp;</strong>1920 x 1080</p>rnrn<p><strong>Resolution Type:&nbsp;</strong>FHD</p>rnrn<p><strong>Static Contrast Ratio:&nbsp;</strong>1,000:1 (typ)</p>rnrn<p><strong>Dynamic Contrast Ratio:&nbsp;</strong>80M:1</p>rnrn<p><strong>Light Source:&nbsp;</strong>LED</p>rnrn<p><strong>Brightness:&nbsp;</strong>250 cd/m&sup2; (typ)</p>rnrn<p><strong>Colors:&nbsp;</strong>16.7M</p>rnrn<p><strong>Color Space Support:&nbsp;</strong>8 bit (6 bit + FRC)</p>rnrn<p><strong>Aspect Ratio:&nbsp;</strong>16:9</p>rnrn<p><strong>Response Time (Typical GTG):&nbsp;</strong>4ms</p>rnrn<p><strong>Viewing Angles:&nbsp;</strong>178&ordm; horizontal, 178&ordm; vertical</p>rnrn<p><strong>Backlight Life (Hours):&nbsp;</strong>30000 Hrs (Min)</p>rnrn<p><strong>Curvature:&nbsp;</strong>Flat</p>rnrn<p><strong>Refresh Rate (Hz):&nbsp;</strong>75</p>rnrn<p><strong>Blue Light Filter:&nbsp;</strong>Yes</p>rnrn<p><strong>Flicker-Free:&nbsp;</strong>Yes</p>rnrn<p><strong>Color Gamut:&nbsp;</strong>NTSC: 72% size (Typ)sRGB: 103% size (Typ)</p>rnrn<p><strong>Pixel Size:&nbsp;</strong>0.275 mm (H) x 0.275 mm (V)</p>rnrn<p><strong>Surface Treatment:&nbsp;</strong>Anti-Glare, Hard Coating (3H)</p>rnrn<p>Compatibility</p>rnrn<p><strong>PC Resolution (max):&nbsp;</strong>1920x1080</p>rnrn<p><strong>Mac&reg; Resolution (max):&nbsp;</strong>1920x1080</p>rnrn<p><strong>PC Operating System:&nbsp;</strong>Windows 10 certified; macOS tested</p>rnrn<p><strong>Mac&reg; Resolution (min):&nbsp;</strong>1920x1080</p>rnrn<p>Connector</p>rnrn<p><strong>VGA:&nbsp;</strong>1</p>rnrn<p><strong>3.5mm Audio In:&nbsp;</strong>1</p>rnrn<p><strong>3.5mm Audio Out:&nbsp;</strong>1</p>rnrn<p><strong>HDMI 1.4:&nbsp;</strong>1</p>rnrn<p><strong>DisplayPort:&nbsp;</strong>1</p>rnrn<p><strong>Power in:&nbsp;</strong>3-pin Socket (IEC C14 / CEE22)</p>rnrn<p>Power</p>rnrn<p><strong>Voltage:&nbsp;</strong>AC 100-240V, 50/60 Hz</p>rnrn<p><strong>Stand-by:&nbsp;</strong>0.5W</p>rnrn<p><strong>Power Supply:&nbsp;</strong>Internal</p>rnrn<p>Additional Hardware</p>rnrn<p><strong>Kensington Lock Slot:&nbsp;</strong>1</p>rnrn<p>Controls</p>rnrn<p><strong>Physical Controls:&nbsp;</strong>Key 1 (favorite), Key 2, Key 3, Key 4, Key 5 (power)</p>rnrn<p><strong>On Screen Display:&nbsp;</strong>Input Select, Audio Adjust, ViewMode, Color Adjust, Manual Image Adjust, Setup Menu</p>rnrn<p>Operating Conditions</p>rnrn<p><strong>Temperature:&nbsp;</strong>32&deg;F to 104&deg;F (0&deg;C to 40&deg;C)</p>rnrn<p><strong>Humidity (non-condensing):&nbsp;</strong>20% to 90%</p>rnrn<p>Wall Mount</p>rnrn<p><strong>VESA Compatible:&nbsp;</strong>100 x 100 mm</p>rnrn<p>Input Signal</p>rnrn<p><strong>Frequency Horizontal:&nbsp;</strong>30 ~ 83KHz</p>rnrn<p><strong>Frequency Vertical:&nbsp;</strong>50 ~ 75Hz</p>rnrn<p>Video Input</p>rnrn<p><strong>Digital Sync:&nbsp;</strong>TMDS - HDMI (v1.4), PCI-E - DisplayPort (v1.2)</p>rnrn<p><strong>Analog Sync:&nbsp;</strong>Separate - RGB Analog</p>rnrn<p>Ergonomics</p>rnrn<p><strong>Height Adjust (mm):&nbsp;</strong>150</p>rnrn<p><strong>Swivel:&nbsp;</strong>90&ordm;</p>rnrn<p><strong>Tilt (Forward/Back):&nbsp;</strong>-5&ordm; / 20&ordm;</p>rnrn<p><strong>Pivot (Right/Left):&nbsp;</strong>90&ordm; / 0&ordm;</p>rnrn<p>Weight (imperial)</p>rnrn<p><strong>Net (lbs):&nbsp;</strong>11.9</p>rnrn<p><strong>Gross (lbs):&nbsp;</strong>15.1</p>rnrn<p>Weight (metric)</p>rnrn<p><strong>Net (kg):&nbsp;</strong>5.4</p>rnrn<p><strong>Gross (kg):&nbsp;</strong>6.9</p>rnrn<p>Dimensions (imperial) (wxhxd)</p>rnrn<p><strong>Packaging (in.):&nbsp;</strong>30.3 x 16.6 x 5.2</p>rnrn<p><strong>Physical (in.):&nbsp;</strong>21.2 x 15.14~21.04 x 8.4</p>rnrn<p><strong>Physical Without Stand (in.):&nbsp;</strong>21.2 x 12.5 x 2</p>rnrn<p>Dimensions (metric) (wxhxd)</p>rnrn<p><strong>Packaging (mm):&nbsp;</strong>769 x 422 x 132</p>rnrn<p><strong>Physical (mm):&nbsp;</strong>539 x 384.5~534.5 x 214</p>rnrn<p><strong>Physical Without Stand (mm):&nbsp;</strong>539 x 317 x 50</p>rnrn<p>General</p>rnrn<p><strong>Regulations:&nbsp;</strong>RoHS, WEEE</p>rnrn<p><strong>PACKAGE CONTENTS:&nbsp;</strong>VX2480-SHDJ x1, 3-pin Plug (IEC C13 / CEE22) x1, HDMI Cable (v1.4; Male-Male) x1, Quick Start Guide x1</p>rnrn<p><strong>Recycle/Disposal:&nbsp;</strong>Please dispose of in accordance with local, state or federal laws.</p>rnrn<p><strong>Warranty:&nbsp;</strong>*Warranty offered may differ from market to market</p>rn', 2, 48, 0, 0, '2021-05-23 21:38:29', '2021-06-13 09:02:10');
INSERT INTO public.products (id, proname, proslug, procategoryid, proprice, proauthorid, prosale, proactive, prohot, proview, prodescription, proavatar, prodescriptionseo, prokeywordseo, protitleseo, procontent, propay, pronumber, prototalrating, prototalnumber, createdat, updatedat) VALUES (12, 'Gigabyte GA A320M S2H (rev. 1.x)', 'gigabyte-ga-a320m-s2h-rev-1-x', 10, 1290000, 1, 0, 1, 1, 0, 'Hãng sản xuất: Gigabyte rnTình trạng: MớirnBảo hành: 36 Tháng', '01_29e4c47dbdd04f3591bee8c46f890a56.png', 'Gigabyte GA A320M S2H (rev. 1.x)', NULL, 'Gigabyte GA A320M S2H (rev. 1.x)', '<h2>Mainboard&nbsp;Gigabyte GA A320M S2H (rev. 1.x)</h2>rnrn<p><a href="https://gearvn.com/collections/mainboard-bo-mach-chu">Main m&aacute;y t&iacute;nh</a><strong>&nbsp;- Mainboard Gigabyte GA-A320M-S2H</strong>&nbsp;giới thiệu bộ xử l&yacute; d&ograve;ng Ryzen 2000 mới nhất để cung cấp sức mạnh t&iacute;nh to&aacute;n cho nhu cầu chơi game ng&acirc;n s&aacute;ch. D&ograve;ng bo mạch chủ chipset AMD AM4 đầy đủ của GIGABYTE ho&agrave;n to&agrave;n ph&ugrave; hợp với bộ xử l&yacute; AMD Ryzen 2000 mới nhất của bộ xử l&yacute; v&agrave; hiệu suất đồ họa t&iacute;ch hợp. Người d&ugrave;ng c&oacute; thể tận hưởng những lợi &iacute;ch m&agrave; bộ xử l&yacute; AMD Ryzen 2000 mang lại chỉ bằng c&aacute;ch tải xuống v&agrave; n&acirc;ng cấp BIOS mới nhất .</p>rnrn<p><img src="https://file.hstatic.net/1000026716/file/gearvn-gigabyte-ga-a320m-s2h-rev-1-x_3e622ea189ac40238bdcdd335b53824f.png" /></p>rnrn<ul>rn	<li>Hỗ trợ AMD Ryzen thế hệ thứ 2 / Ryzen &trade; c&ugrave;ng với Radeon &trade; Vega Graphics / Athlon &trade; với Radeon &trade; Vega Graphics / Ryzen &trade; thế hệ thứ 1 / A-series thế hệ thứ 7 / Athlon X4</li>rn	<li>Hỗ trợ DDR4 non-ECC , 2 DIMM.</li>rn	<li>Ultra-Fast PCIe Gen3 x4 M.2 với hỗ trợ chế độ PCIe NVMe &amp; SATA</li>rn	<li>Tụ &acirc;m thanh chất lượng cao v&agrave; bộ lọc ồn &acirc;m thanh</li>rn	<li>Realtek&reg; Gigabit LAN với phần mềm tăng tốc Internet cFosSpeed</li>rn	<li>Smart Fan 5 c&oacute; 5 cảm biến nhiệt độ v&agrave; 2 ch&acirc;n cắm quạt tản nhiệt tổng hợp</li>rn	<li>Sử dụng BIOS GIGABYTE &trade; UEFI.</li>rn</ul>rnrn<h3><strong>TH&Ocirc;NG SỐ KĨ THUẬT</strong></h3>rnrn<table border="3" cellpadding="3" cellspacing="3" id="tblGeneralAttribute">rn	<tbody>rn		<tr>rn			<td>rn			<p>&nbsp;</p>rnrn			<p>CPU</p>rn			</td>rn			<td>rn			<p>AM4 Socket: Supports AMD 3rd Gen Ryzen&trade;/ 2nd Gen Ryzen&trade;/ 1st Gen Ryzen&trade;/ 2nd Gen Ryzen&trade; with Radeon&trade; Vega Graphics/ 1st Gen Ryzen&trade; with Radeon&trade; Vega Graphics/ Athlon&trade; with Radeon&trade; Vega Graphics/ 7th Gen A-series/ Athlon X4 Processors</p>rn			</td>rn		</tr>rn		<tr>rn			<td>Chipset</td>rn			<td>rn			<p>AMD A320</p>rn			</td>rn		</tr>rn		<tr>rn			<td>rn			<p>&nbsp;</p>rnrn			<p>&nbsp;</p>rnrn			<p>&nbsp;</p>rnrn			<p>&nbsp;</p>rnrn			<p>Bộ nhớ</p>rn			</td>rn			<td>rn			<ul>rn				<li>2 x DDR4 DIMM sockets supporting up to 64 GB (32 GB single DIMM capacity) of system memory</li>rn				<li>Dual channel memory architecture</li>rn				<li>Support for DDR4 3200(O.C.)/2933(O.C.)/2667*/2400/2133 MHz memory modules<br />rn				* Actual support may vary by CPU.</li>rn				<li>Support for ECC Un-buffered DIMM 1Rx8/2Rx8 memory modules (operate in non-ECC mode)</li>rn				<li>Support for non-ECC Un-buffered DIMM 1Rx8/2Rx8/1Rx16 memory modules</li>rn				<li>Support for Extreme Memory Profile (XMP) memory modules</li>rn			</ul>rn			</td>rn		</tr>rn		<tr>rn			<td>rn			<p>&nbsp;</p>rnrn			<p>&nbsp;</p>rnrn			<p>&nbsp;</p>rnrn			<p>Card đồ họa t&iacute;ch hợp</p>rn			</td>rn			<td>rn			<ul>rn				<li>1 x D-Sub port, supporting a maximum resolution of 1920x1200@60 Hz</li>rn				<li>1 x DVI-D port, supporting a maximum resolution of 1920x1200@60 Hz<br />rn				* The DVI-D port does not support D-Sub connection by adapter.</li>rn				<li>1 x HDMI port, supporting a maximum resolution of 4096x2160@24 Hz<br />rn				* Support for HDMI 1.4 version.</li>rn			</ul>rn			Maximum shared memory of 2 GB</td>rn		</tr>rn		<tr>rn			<td>rn			<p>&nbsp;</p>rnrn			<p>&nbsp;</p>rnrn			<p>&nbsp;</p>rnrn			<p>&Acirc;m thanh</p>rn			</td>rn			<td>rn			<ul>rn				<li>Realtek&nbsp;audio codec</li>rn				<li>High Definition Audio</li>rn				<li>2/4/5.1/7.1-channel<br />rn				* To configure 7.1-channel audio, you need to open the audio software and select Device advanced settings &gt; Playback Device to change the default setting first. Please visit GIGABYTE&#39;s website for details on configuring the audio software.</li>rn				<li>Support for S/PDIF Out</li>rn			</ul>rn			</td>rn		</tr>rn		<tr>rn			<td>LAN</td>rn			<td>rn			<p>Realtek&nbsp;GbE LAN chip (10/100/1000 Mbit)</p>rn			</td>rn		</tr>rn		<tr>rn			<td>rn			<p>&nbsp;</p>rnrn			<p>&nbsp;</p>rnrn			<p>Khe cắm mở rộng</p>rn			</td>rn			<td>rn			<ul>rn				<li>1 x PCI Express x16 slot, running at x16 (PCIEX16)*<br />rn				* Actual support may vary by CPU.<br />rn				(The PCIEX16 slot conforms to PCI Express 3.0 standard.)</li>rn				<li>2 x PCI Express x1 slots<br />rn				(The PCI Express x1 slots conform to PCI Express 2.0 standard.)</li>rn			</ul>rn			</td>rn		</tr>rn		<tr>rn			<td>rn			<p>&nbsp;</p>rnrn			<p>&nbsp;</p>rnrn			<p>Giao diện lưu trữ</p>rn			</td>rn			<td>rn			<ul>rn				<li>1 x M.2 connector (Socket 3, M key, type 2242/2260/2280/22110 SATA and PCIe x4/x2&nbsp;SSD support)<br />rn				* Actual support may vary by CPU.</li>rn				<li>4 x SATA 6Gb/s connectors</li>rn				<li>Support for RAID 0, RAID 1, and RAID 10<br />rn				* Refer to &quot;1-7 Internal Connectors,&quot; for the installation notices for the M.2 connector.</li>rn			</ul>rn			</td>rn		</tr>rn		<tr>rn			<td>rn			<p>&nbsp;</p>rnrn			<p>&nbsp;</p>rnrn			<p>&nbsp;</p>rnrn			<p>USB</p>rn			</td>rn			<td>Chipset:rn			<ul>rn				<li>2 x USB 3.1 Gen 1 ports available through the internal USB header</li>rn				<li>6 x USB 2.0/1.1 ports (2 ports on the back panel, 4 ports available through the internal USB headers)</li>rn			</ul>rn			CPU:rnrn			<ul>rn				<li>4 x USB 3.1 Gen 1 ports on the back panel</li>rn			</ul>rn			</td>rn		</tr>rn		<tr>rn			<td>rn			<p>&nbsp;</p>rnrn			<p>&nbsp;</p>rnrn			<p>&nbsp;</p>rnrn			<p>&nbsp;</p>rnrn			<p>&nbsp;</p>rnrn			<p>Kết nối I/O b&ecirc;n trong</p>rn			</td>rn			<td>rn			<ul>rn				<li>1 x 24-pin ATX main power connector</li>rn				<li>1 x 8-pin ATX 12V power connector</li>rn				<li>1 x CPU fan header</li>rn				<li>1 x system fan header</li>rn				<li>1 x M.2 Socket 3 connector</li>rn				<li>4 x SATA 6Gb/s connectors</li>rn				<li>1 x front panel header</li>rn				<li>1 x front panel audio header</li>rn				<li>1 x S/PDIF Out header</li>rn				<li>1 x USB 3.1 Gen 1 header</li>rn				<li>2 x USB 2.0/1.1 headers</li>rn				<li>1 x Trusted Platform Module (TPM) header (2x10 pin, for the GC-TPM2.0 module only)</li>rn				<li>1 x speaker header</li>rn				<li>1 x Clear CMOS jumper</li>rn				<li>1 x chassis intrusion header</li>rn			</ul>rn			</td>rn		</tr>rn		<tr>rn			<td>rn			<p>&nbsp;</p>rnrn			<p>&nbsp;</p>rnrn			<p>Kết nối bảng ph&iacute;a sau</p>rn			</td>rn			<td>rn			<ul>rn				<li>1 x PS/2 keyboard port</li>rn				<li>1 x PS/2 mouse port</li>rn				<li>1 x D-Sub port</li>rn				<li>1 x DVI-D port</li>rn				<li>1 x HDMI port</li>rn				<li>4 x USB 3.1 Gen 1 ports</li>rn				<li>2 x USB 2.0/1.1 ports</li>rn				<li>1 x RJ-45 port</li>rn				<li>3 x audio jacks (Line In, Line Out, Mic In)</li>rn			</ul>rn			</td>rn		</tr>rn		<tr>rn			<td>Điều khiển I/O</td>rn			<td>rn			<ul>rn				<li>iTE&nbsp;I/O Controller Chip</li>rn			</ul>rn			</td>rn		</tr>rn		<tr>rn			<td>rn			<p>&nbsp;</p>rnrn			<p>BIOS</p>rn			</td>rn			<td>rn			<ul>rn				<li>1 x 128 Mbit flash</li>rn				<li>Use of licensed AMI UEFI BIOS</li>rn				<li>PnP 1.0a, DMI 2.7, WfM 2.0, SM BIOS 2.7, ACPI 5.0</li>rn			</ul>rn			</td>rn		</tr>rn		<tr>rn			<td>rn			<p>&nbsp;</p>rnrn			<p>&nbsp;</p>rnrn			<p>&nbsp;</p>rnrn			<p>&nbsp;</p>rnrn			<p>&nbsp;</p>rnrn			<p>T&iacute;nh năng duy nhất</p>rn			</td>rn			<td>rn			<ul>rn				<li>Support for APP Center<br />rn				* Available applications in APP Center may vary by motherboard model. Supported functions of each application may also vary depending on motherboard specifications.<br />rn				@BIOS<br />rn				EasyTune<br />rn				Fast Boot<br />rn				Game Boost<br />rn				ON/OFF Charge<br />rn				Smart Backup<br />rn				System Information Viewer</li>rn				<li>Support for Q-Flash</li>rn				<li>Support for Xpress Install</li>rn			</ul>rn			</td>rn		</tr>rn		<tr>rn			<td>rn			<p>G&oacute;i phần mềm</p>rn			</td>rn			<td>rn			<ul>rn				<li>Norton&nbsp;Internet Security (OEM version)</li>rn				<li>cFosSpeed</li>rn			</ul>rn			</td>rn		</tr>rn		<tr>rn			<td>rn			<p>&nbsp;</p>rnrn			<p>&nbsp;</p>rnrn			<p>Hệ điều h&agrave;nh</p>rn			</td>rn			<td>rn			<ul>rn				<li>Support for Windows 10 64-bit</li>rn				<li>Support for Windows 7 64-bit<br />rn				* To support Windows 7 64-bit, you must install an AMD Pinnacle Ridge, Summit Ridge and Bristol Ridge CPU.<br />rn				* Please download the &quot;Windows USB Installation Tool&quot; from GIGABYTE&#39;s website and install it before installing Windows 7.</li>rn			</ul>rn			</td>rn		</tr>rn		<tr>rn			<td>Hệ số khu&ocirc;n</td>rn			<td>rn			<ul>rn				<li>Micro ATX Form Factor; 24.4cm x 19.5cm</li>rn			</ul>rn			</td>rn		</tr>rn		<tr>rn			<td>rn			<p>&nbsp;</p>rnrn			<p>&nbsp;</p>rnrn			<p>Ghi ch&uacute;</p>rn			</td>rn			<td>rn			<ul>rn				<li>Due to different Linux support condition provided by chipset vendors, please download Linux driver from chipset vendors&#39; website or 3rd party website.</li>rn				<li>Most hardware/software vendors may no longer offer drivers to support Win9X/ME/2000/XP. If drivers are available from the vendors, we will update them on the GIGABYTE website.</li>rn			</ul>rn			</td>rn		</tr>rn	</tbody>rn</table>rnrn<h2>Một số h&igrave;nh ảnh chi tiết mainboard&nbsp;Gigabyte GA A320M S2H (rev. 1.x)</h2>rnrn<p><img src="https://file.hstatic.net/1000026716/file/gearvn-gigabyte-ga-a320m-s2h-rev-1-x-1_b4e5994769f54227bd8d35f1d7f09e8a.png" /></p>rnrn<p><img src="https://file.hstatic.net/1000026716/file/gearvn-gigabyte-ga-a320m-s2h-rev-1-x-2_a649641942534236a64296264be379a3.png" /></p>rnrn<p><img src="https://file.hstatic.net/1000026716/file/gearvn-gigabyte-ga-a320m-s2h-rev-1-x-3_219e518c2f17436893e3ab3fe45a2462.png" /></p>rnrn<p><img src="https://file.hstatic.net/1000026716/file/gearvn-gigabyte-ga-a320m-s2h-rev-1-x-4_898448c2dd1740f4942201aea6d83086.png" /></p>rn', 1, 79, 0, 0, '2021-05-25 03:28:58', '2021-06-13 08:35:32');
INSERT INTO public.products (id, proname, proslug, procategoryid, proprice, proauthorid, prosale, proactive, prohot, proview, prodescription, proavatar, prodescriptionseo, prokeywordseo, protitleseo, procontent, propay, pronumber, prototalrating, prototalnumber, createdat, updatedat) VALUES (13, 'Mainboard ASUS PRIME A320M-E', 'mainboard-asus-prime-a320m-e', 10, 1550000, 1, 0, 1, 1, 0, 'Hãng sản xuất: ASUS  rnTình trạng: MớirnBảo hành: 36 tháng', 'gearvn-rog-strix-trx40-e-gaming-9-99_6a707eaaffcd421bb4ca9088e14e1c3e.jpg', 'Mainboard ASUS PRIME A320M-E', NULL, 'Mainboard ASUS PRIME A320M-E', '<h2>Main m&aacute;y t&iacute;nh&nbsp;ASUS PRIME A320M-E</h2>rnrn<p><a href="https://gearvn.com/collections/mainboard-bo-mach-chu">Main m&aacute;y t&iacute;nh</a>&nbsp;<strong>PRIME A320</strong>&nbsp;series sở hữu C&ocirc;ng nghệ 5X Protection II đầu ng&agrave;nh, sử dụng những linh kiện tốt nhất, thiết kế mạch ho&agrave;n hảo v&agrave; tu&acirc;n thủ c&aacute;c ti&ecirc;u chuẩn khắt khe để bảo đảm chất lượng v&agrave; độ bền l&acirc;u d&agrave;i cho bo mạch chủ của bạn.</p>rnrn<p>Điều n&agrave;y đồng nghĩa với sự bảo vệ v&agrave; ổn định vượt trội cho m&aacute;y t&iacute;nh &mdash; đ&acirc;y l&agrave; th&agrave;nh quả từ nhiều thập kỷ kinh nghiệm kỹ thuật của thương hiệu bo mạch chủ h&agrave;ng đầu thế giới.</p>rnrn<p>&nbsp;</p>rnrn<p><img src="https://file.hstatic.net/1000026716/file/gearvn-mainboard-asus-prime-a320m-e-6_e61440f4ce3e4f7b965d262469d2b362.jpg" style="height:693px; width:693px" /></p>rnrn<p>&nbsp;</p>rnrn<ul>rn	<li>5X Protection III: Nhiều t&iacute;nh năng bảo vệ phần cứng kh&aacute;c nhau cho sự bảo vệ to&agrave;n diện</li>rn	<li>Đ&egrave;n LED: Điều khiển &aacute;nh s&aacute;ng dải đ&egrave;n dọc phần &acirc;m thanh</li>rn	<li>M.2 Tự nhi&ecirc;n: Tốc độ lưu trữ nhanh như &aacute;nh s&aacute;ng</li>rn	<li>USB 3.1 t&iacute;ch hợp: Kết nối mới nhất cho tốc độ truyền tải 10Gbps si&ecirc;u nhanh</li>rn	<li>Điều khiển đa năng: UEFI BIOS được giới truyền th&ocirc;ng ca ngợi với EZ Flash 3</li>rn</ul>rnrn<p>&nbsp;</p>rnrn<p>&nbsp;</p>rnrn<p>&nbsp;</p>rnrn<p>&nbsp;</p>rnrn<p>&nbsp;</p>rnrn<p>&nbsp;</p>rnrn<p><strong>TH&Ocirc;NG SỐ KĨ THUẬT</strong></p>rnrn<table border="3" cellpadding="3" cellspacing="3" id="tblGeneralAttribute">rn	<tbody>rn		<tr>rn			<td>CPU</td>rn			<td>AMD Socket AM4 cho AMD Ryzen&trade;/A-series thế hệ thứ 7/Athlon&trade; bộ vi xử l&yacute;<br />rn			Hỗ trợ CPU l&ecirc;n đến 8 l&otilde;i</td>rn		</tr>rn		<tr>rn			<td>Chipset</td>rn			<td>AMD A320</td>rn		</tr>rn		<tr>rn			<td>rn			<p>&nbsp;</p>rnrn			<p>&nbsp;</p>rnrn			<p>Memory</p>rn			</td>rn			<td>2 x DIMM, Max. 32GB, DDR4 3200(O.C.)/2933(O.C.)/2666/2400/2133 MHz ECC v&agrave; kh&ocirc;ng ECC, Kh&ocirc;ng Đệm Bộ nhớ<br />rn			<strong>Bộ vi xử l&yacute; AMD Ryzen&trade;</strong><br />rn			Kiến tr&uacute;c bộ nhớ K&ecirc;nh đ&ocirc;i<br />rn			2 x DIMM, Max. 32GB, DDR4 2400/2133 MHz Kh&ocirc;ng ECC, Kh&ocirc;ng Đệm Bộ nhớ<br />rn			<strong>Bộ vi xử l&yacute; AMD A-series/Athlon&trade; thế hệ thứ 7</strong></td>rn		</tr>rn		<tr>rn			<td>rn			<p>&nbsp;</p>rnrn			<p>&nbsp;</p>rnrn			<p>&nbsp;</p>rnrn			<p>&nbsp;</p>rnrn			<p>Graphic</p>rn			</td>rn			<td>Đồ họa AMD Radeon&trade; R Series t&iacute;ch hợp trong APU A-series thế hệ thứ 7 *<br />rn			hỗ trợ đầu ra Multi- VGA : cổng HDMI/DVI-D/RGBrn			<ul>rn				<li>Hỗ trợ DVI-D, hệ ph&acirc;n giải cao nhất l&ecirc;n đến 1920 x 1200 @ 60 Hz</li>rn				<li>Hỗ trợ RGB với. độ ph&acirc;n giải tối đa 1920 x 1200 @ 60 Hz</li>rn				<li>Hỗ trợ HDMI 1.4b với độ ph&acirc;n giải tối đa 4096 x 2160 @ 24 Hz / 2560 x 1600 @ 60 Hz</li>rn			</ul>rn			<br />rn			Bộ nhớ chia sẻ tối đa 2048 MB</td>rn		</tr>rn		<tr>rn			<td>rn			<p>&nbsp;</p>rnrn			<p>Expansion Slots</p>rn			</td>rn			<td><strong>Bộ vi xử l&yacute; AMD Ryzen&trade;</strong><br />rn			1 x PCIe 3.0/2.0 x16 (chế độ x16)<br />rn			<strong>Bộ vi xử l&yacute; AMD A-series/Athlon&trade; thế hệ thứ 7</strong><br />rn			1 x PCIe 3.0/2.0 x16 (chế độ x8 )<br />rn			<strong>Bộ chip AMD A320</strong><br />rn			2 x PCIe 2.0 x1</td>rn		</tr>rn		<tr>rn			<td>rn			<p>&nbsp;</p>rnrn			<p>&nbsp;</p>rnrn			<p>Storage</p>rn			</td>rn			<td><strong>Bộ chip AMD A320 :</strong><br />rn			4 x Cổng SATA 6Gb /s, m&agrave;u x&aacute;m,<br />rn			Hỗ trợ Raid 0, 1, 10<br />rn			<strong>Bộ vi xử l&yacute; AMD Ryzen&trade; :</strong><br />rn			1 x M.2 Socket 3, với M Key, hỗ trợ thiết bị lưu trữ kiểu 2242/2260/2280 (chế độ SATA &amp; PCIE 3.0 x4)<br />rn			<strong>Bộ vi xử l&yacute; AMD A-series/Athlon&trade; thế hệ thứ 7 :</strong><br />rn			1 x M.2 Socket 3, với M Key, hỗ trợ thiết bị lưu trữ kiểu 2242/2260/2280 (Chế độ SATA)</td>rn		</tr>rn		<tr>rn			<td>LAN</td>rn			<td>Realtek&reg; RTL8111H, 1 x Bộ điều khiển Gigabit LAN</td>rn		</tr>rn		<tr>rn			<td>Audio</td>rn			<td>Realtek&reg; ALC887 8-k&ecirc;nh CODEC &Acirc;m thanh HD</td>rn		</tr>rn		<tr>rn			<td>rn			<p>&nbsp;</p>rnrn			<p>&nbsp;</p>rnrn			<p>&nbsp;</p>rnrn			<p>USB Ports</p>rn			</td>rn			<td><strong>Bộ vi xử l&yacute; AMD Ryzen&trade;/AMD A-series/Athlon&trade; thế hệ thứ 7 :</strong><br />rn			4 x Cổng USB 3.1 Gen 1 (4 ở mặt sau, m&agrave;u xanh, m&agrave;u xanh)<br />rn			<strong>AMD A320 chipset :</strong><br />rn			2 x Cổng USB 3.1 Gen 1 (2 ở giữa bo mạch)<br />rn			<strong>AMD A320 chipset :</strong><br />rn			1 x Cổng USB 3.1 Gen 2 (1 ở mặt sau, m&agrave;u xanh, xanh m&ograve;ng k&eacute;t, Kiểu A)<br />rn			<strong>AMD A320 chipset :</strong><br />rn			4 x Cổng USB 2.0 (4 ở giữa bo mạch)</td>rn		</tr>rn		<tr>rn			<td>rn			<p>&nbsp;</p>rnrn			<p>&nbsp;</p>rnrn			<p>&nbsp;</p>rnrn			<p>&nbsp;</p>rnrn			<p>&nbsp;</p>rnrn			<p>&nbsp;</p>rnrn			<p>&nbsp;</p>rnrn			<p>&nbsp;</p>rnrn			<p>&nbsp;</p>rnrn			<p>Special Features</p>rn			</td>rn			<td><strong>ASUS 5X Protection III :</strong>rn			<ul>rn				<li>ASUS SafeSlot Core: Khe cắm PCIe được gia cố gi&uacute;p ngăn hư hại</li>rn				<li>ASUS LANGuard: Bảo vệ chống đột biến điện mạng LAN, s&eacute;t đ&aacute;nh v&agrave; ph&oacute;ng tĩnh điện!</li>rn				<li>Bảo vệ chống tăng qu&aacute; &aacute;p của ASUS: Thiết kế điện năng bảo vệ mạch đẳng cấp thế giới</li>rn				<li>Lưng I/O bằng th&eacute;p kh&ocirc;ng gỉ của ASUS: Khả năng chống ăn m&ograve;n tốt hơn 3 lần cho độ bền cao hơn nữa!</li>rn				<li>ASUS DIGI+ VRM: 6 pha thiết kế điện năng số</li>rn			</ul>rn			<strong>T&iacute;nh năng độc quyền của ASUS</strong>&nbsp;:rnrn			<ul>rn				<li>AI Suite 3</li>rn				<li>Ai Charger</li>rn			</ul>rn			<strong>Giải ph&aacute;p giải nhiệt ASUS Quiet</strong>&nbsp;:rnrn			<ul>rn				<li>Thiết kế giải ph&aacute;p tản nhiệt kh&ocirc;ng quạt Phong c&aacute;ch</li>rn				<li>ASUS Fan Xpert</li>rn			</ul>rn			<strong>ASUS EZ DIY :</strong>rnrn			<ul>rn				<li>ASUS CrashFree BIOS 3</li>rn				<li>ASUS EZ Flash 3</li>rn				<li>BIOS đa ng&ocirc;n ngữ</li>rn				<li>Chế độ EZ của ASUS UEFI BIOS</li>rn			</ul>rn			<strong>ASUS Q-Design :</strong>rnrn			<ul>rn				<li>ASUS Q-Slot</li>rn				<li>ASUS Q-DIMM</li>rn			</ul>rn			</td>rn		</tr>rn		<tr>rn			<td>Operating System Support</td>rn			<td>Windows&reg; 10 , 64bit</td>rn		</tr>rn		<tr>rn			<td>rn			<p>&nbsp;</p>rnrn			<p>&nbsp;</p>rnrn			<p>Back I/O Ports</p>rn			</td>rn			<td>1 x b&agrave;n ph&iacute;m PS / 2 (m&agrave;u t&iacute;m)<br />rn			1 x chuột PS / 2 (m&agrave;u xanh)<br />rn			1 x DVI-D<br />rn			1 x D-Sub<br />rn			1 x HDMI<br />rn			1 x cổng LAN (RJ45)<br />rn			1 x USB 3.1 thế hệ thứ 2 (xanh m&ograve;ng k&eacute;t)<br />rn			4 x USB 3.1 thế hệ thứ 1 (m&agrave;u xanh)<br />rn			3 x giắc cắm &acirc;m thanh</td>rn		</tr>rn		<tr>rn			<td>rn			<p>&nbsp;</p>rnrn			<p>&nbsp;</p>rnrn			<p>&nbsp;</p>rnrn			<p>&nbsp;</p>rnrn			<p>Internal I/O Ports</p>rn			</td>rn			<td>1 x kết nối USB 3.0 hỗ trợ th&ecirc;m 2 cổng USB 3.0 (19-pin)<br />rn			2 x kết nối USB 2.0 hỗ trợ th&ecirc;m 4 cổng USB 2.0<br />rn			1 x kết nối cổng COM<br />rn			4 x kết nối SATA 6Gb / s<br />rn			1 x kết nối CPU Fan (1 x 4 ch&acirc;n)<br />rn			1 x kết nối Chassis Fan (1 x 4 ch&acirc;n)<br />rn			1 x Đầu ra S/PDIF<br />rn			1 x M.2 Socket 3 với M Key, hỗ trợ thiết bị lưu trữ kiểu 2242/2260/2280 (chế độ SATA &amp; PCIE 3.0 x4)<br />rn			1 x kết nối điện năng 24-pin EATX<br />rn			1 x kết nối điện năng 4-pin ATX 12V<br />rn			1 x kết nối Giắc cắm &acirc;m thanh (AAFP)<br />rn			1 x bảng điều khiển Hệ thống<br />rn			1 x ch&acirc;n nối Clear CMOS<br />rn			1 x Đầu cắm loa</td>rn		</tr>rn		<tr>rn			<td>rn			<p>&nbsp;</p>rnrn			<p>Accessories</p>rn			</td>rn			<td>Hướng dẫn sử dụng<br />rn			2 x c&aacute;p SATA 6Gb / s<br />rn			I/O Shield<br />rn			1 x DVD hỗ trợ<br />rn			1 x M.2 Anchor</td>rn		</tr>rn		<tr>rn			<td>rn			<p>&nbsp;</p>rnrn			<p>BIOS</p>rn			</td>rn			<td>128 Mb Flash ROM, UEFI AMI BIOS, PnP,WfM2.0, SM BIOS 3.0, ACPI 6.1, Multi-language BIOS, ASUS EZ Flash 3, ASUS CrashFree BIOS 3, T&iacute;nh năng My Favourites, Nhật k&yacute; Lần Sửa đổi Cuối c&ugrave;ng, F12 Chụp m&agrave;n h&igrave;nh, Th&ocirc;ng tin bộ nhớ ASUS DRAM SPD (Ph&aacute;t hiện Trạng th&aacute;i Tuần tự), F6 Kiểm so&aacute;t Qfan</td>rn		</tr>rn		<tr>rn			<td>Operating System</td>rn			<td>Windows&reg; 10 64-bit</td>rn		</tr>rn		<tr>rn			<td>Form Factor</td>rn			<td>Dạng thiết kế mATX<br />rn			8.9 inch x 8.7 inch ( 22.6 cm x 22.1 cm )</td>rn		</tr>rn		<tr>rn			<td>Note</td>rn			<td>*1：Kh&ocirc;ng hỗ trợ Bộ vi xử l&yacute; AMD Ryzen&trade;.</td>rn		</tr>rn	</tbody>rn</table>rnrn<h2>H&igrave;nh ảnh chi tiết sản phẩm mainboard ASUS PRIME A320M E</h2>rnrn<p><img src="https://file.hstatic.net/1000026716/file/gearvn-mainboard-asus-prime-a320m-e-7_1affe59a767c4afebf3a6c3b38b48080.jpg" style="height:631px; width:631px" /></p>rnrn<p><img src="https://file.hstatic.net/1000026716/file/gearvn-mainboard-asus-prime-a320m-e-3_a6b2869718214487968b6a3ea88bc8f3.jpg" style="height:629px; width:629px" /></p>rnrn<p><img src="https://file.hstatic.net/1000026716/file/gearvn-mainboard-asus-prime-a320m-e-2_d7214dbb8ceb4ea983f50dab6db226b3.jpg" style="height:630px; width:630px" /></p>rnrn<p><img src="https://file.hstatic.net/1000026716/file/gearvn-mainboard-asus-prime-a320m-e-1_c794d93abdf74b7bbd16a08b3a6bf347.jpg" style="height:630px; width:630px" /></p>rnrn<p><img src="https://file.hstatic.net/1000026716/file/gearvn-mainboard-asus-prime-a320m-e-5_c6bcd22ded6a42359bcbf12e18c5e226.jpg" style="height:630px; width:630px" /></p>rn', 0, 80, 0, 0, '2021-05-25 04:11:46', '2021-06-13 08:35:37');
INSERT INTO public.products (id, proname, proslug, procategoryid, proprice, proauthorid, prosale, proactive, prohot, proview, prodescription, proavatar, prodescriptionseo, prokeywordseo, protitleseo, procontent, propay, pronumber, prototalrating, prototalnumber, createdat, updatedat) VALUES (17, 'ASUS Prime TRX40 -Pro', 'asus-prime-trx40-pro', 10, 12490000, 1, 0, 1, 1, 0, '<p>- Nh&agrave; sản xuất : ASUS</p>rnrn<p>- Bảo h&agrave;nh : 36 th&aacute;ng</p>rnrn<p>- T&igrave;nh trạng: Mới 100%</p>', 'Untitled.jpg', 'ASUS Prime TRX40 -Pro', NULL, 'ASUS Prime TRX40 -Pro', '<p><strong>Th&ocirc;ng số kỹ thuật&nbsp;</strong></p>rnrn<table border="3" cellpadding="3" cellspacing="3" style="width:900px">rn	<tbody>rn		<tr>rn			<td colspan="2"><strong>M&ocirc; tả chi tiết&nbsp;</strong></td>rn		</tr>rn		<tr>rn			<td>CPU</td>rn			<td>AMD Socket sTRX4 for 3rd Gen AMD Ryzen&trade; Threadripper&trade; Series Desktop Processors<br />rn			&nbsp;Refer to www.asus.com for CPU support list</td>rn		</tr>rn		<tr>rn			<td>Chipset</td>rn			<td>&nbsp;&nbsp;&nbsp; Build in AMD TRX40</td>rn		</tr>rn		<tr>rn			<td>Bộ nhớrn			<p>&nbsp;</p>rn			</td>rn			<td>3rd&nbsp;Gen AMD Ryzen&trade;&nbsp;Threadripper&trade;&nbsp;Series Desktop processors</td>rn		</tr>rn		<tr>rn			<td>&nbsp;</td>rn			<td>8 x DIMM, Max. 256GB, DDR4 3200/2933/2800/2666/2400/2133 MHz ECC and non-ECC, Un-buffered Memory</td>rn		</tr>rn		<tr>rn			<td rowspan="4">Multi-GPU Support</td>rn			<td>Supports NVIDIA&reg; Quad-GPU SLI&reg; Technology</td>rn		</tr>rn		<tr>rn			<td>Supports NVIDIA&reg; 2-Way SLI&reg; Technology</td>rn		</tr>rn		<tr>rn			<td>Supports AMD Quad-GPU CrossFireX&trade; Technology</td>rn		</tr>rn		<tr>rn			<td>Supports AMD 2-Way CrossFireX Technology</td>rn		</tr>rn		<tr>rn			<td rowspan="4">Expansion Slots</td>rn			<td>3rd&nbsp;Gen AMD Ryzen&trade;&nbsp;Threadripper&trade;&nbsp;Series Desktop processors</td>rn		</tr>rn		<tr>rn			<td>3 x PCIe 4.0 x16 (x16/x16/x16) *</td>rn		</tr>rn		<tr>rn			<td>AMD TRX40 chipset</td>rn		</tr>rn		<tr>rn			<td>1 x PCIe 4.0 (x4 mode)</td>rn		</tr>rn		<tr>rn			<td rowspan="6">Storage</td>rn			<td>3rd&nbsp;Gen AMD Ryzen&trade;&nbsp;Threadripper&trade;&nbsp;Series Desktop processors :</td>rn		</tr>rn		<tr>rn			<td>2 x M.2 Socket 3, with M key, type 2242/2260/2280/22110 storage devices support(PCIe 4.0 x4 mode)</td>rn		</tr>rn		<tr>rn			<td>AMD TRX40 chipset :</td>rn		</tr>rn		<tr>rn			<td>1 x M.2 Socket 3, with vertical M key, type 2242/2260/2280/22110 storage devices support(SATA &amp; PCIe 4.0 x4 mode)</td>rn		</tr>rn		<tr>rn			<td>8 x SATA 6Gb/s port(s),</td>rn		</tr>rn		<tr>rn			<td>Support Raid 0, 1, 10</td>rn		</tr>rn		<tr>rn			<td rowspan="3">LAN</td>rn			<td>Intel&reg; I211-AT</td>rn		</tr>rn		<tr>rn			<td>ASUS Turbo LAN Utility</td>rn		</tr>rn		<tr>rn			<td>ASUS LAN Guard</td>rn		</tr>rn		<tr>rn			<td rowspan="12">Audio</td>rn			<td>Realtek&reg; ALC S1220 8-Channel High Definition Audio CODEC featuring Crystal Sound 3</td>rn		</tr>rn		<tr>rn			<td>- Impedance sense for front and rear headphone outputs</td>rn		</tr>rn		<tr>rn			<td>- Internal audio Amplifier to enhance the highest quality sound for headphone and speakers</td>rn		</tr>rn		<tr>rn			<td>- Supports : Jack-detection, Multi-streaming, Front Panel Jack-retasking</td>rn		</tr>rn		<tr>rn			<td>- High quality 120 dB (Line-out at rear) and 108 dB SNR recording input (Line-in)</td>rn		</tr>rn		<tr>rn			<td>Audio Feature :</td>rn		</tr>rn		<tr>rn			<td>- DTS X&reg;:Ultra</td>rn		</tr>rn		<tr>rn			<td>- Optical S/PDIF out port(s) at back panel</td>rn		</tr>rn		<tr>rn			<td>Audio Shielding: Ensures precision analog/digital separation and greatly reduced multi-lateral interference</td>rn		</tr>rn		<tr>rn			<td>- Dedicated audio PCB layers: Separate layers for left and right channels to guard the quality of the sensitive audio signals</td>rn		</tr>rn		<tr>rn			<td>#NAME?</td>rn		</tr>rn		<tr>rn			<td>- Unique de-pop circuit: Reduces start-up popping noise to audio outputs</td>rn		</tr>rn		<tr>rn			<td rowspan="12">USB Ports</td>rn			<td>AMD Ryzen&trade; Threadripper&trade; Processors :</td>rn		</tr>rn		<tr>rn			<td>4 x USB 3.2 Gen 2 port(s) (4 at back panel, , 3 x Type-A+1 x Type-C)</td>rn		</tr>rn		<tr>rn			<td>AMD TRX40 chipset :</td>rn		</tr>rn		<tr>rn			<td>1 x USB 3.2 Gen 2 front panel connector port(s) (1 at mid-board)</td>rn		</tr>rn		<tr>rn			<td>AMD TRX40 chipset :</td>rn		</tr>rn		<tr>rn			<td>6 x USB 3.2 Gen 1 port(s) (2 at back panel, , Type-A, 4 at mid-board)</td>rn		</tr>rn		<tr>rn			<td>AMD TRX40 chipset :</td>rn		</tr>rn		<tr>rn			<td>2 x USB 2.0 port(s) (2 at mid-board)</td>rn		</tr>rn		<tr>rn			<td>ASMedia&reg; USB 3.2 Gen 1 controller :</td>rn		</tr>rn		<tr>rn			<td>4 x USB 3.2 Gen 1 port(s) (4 at back panel, , Type-A)</td>rn		</tr>rn		<tr>rn			<td>GL852G USB Hub :</td>rn		</tr>rn		<tr>rn			<td>2 x USB 2.0 port(s) (2 at mid-board)</td>rn		</tr>rn		<tr>rn			<td rowspan="31">Special Features</td>rn			<td>ASUS Dual Intelligent Processors 5-Way Optimization by Dual Intelligent Processors 5 :</td>rn		</tr>rn		<tr>rn			<td>5Way Optimization tuning key perfectly consolidates TPU, EPU, DIGI+ VRM, Fan Expert 4, and Turbo App</td>rn		</tr>rn		<tr>rn			<td>ASUS SafeSlot&nbsp;- Protect your graphics card Investment</td>rn		</tr>rn		<tr>rn			<td>AURA :</td>rn		</tr>rn		<tr>rn			<td>- Aura RGB Strip Headers</td>rn		</tr>rn		<tr>rn			<td>- Aura Lighting Effects Synchronization with compatible ASUS ROG devices</td>rn		</tr>rn		<tr>rn			<td>- Addressable Gen 2 Header</td>rn		</tr>rn		<tr>rn			<td>ASUS Exclusive Features&nbsp;:</td>rn		</tr>rn		<tr>rn			<td>- AI Suite 3</td>rn		</tr>rn		<tr>rn			<td>- Ai Charger</td>rn		</tr>rn		<tr>rn			<td>- Onboard Button : Power</td>rn		</tr>rn		<tr>rn			<td>- ASUS UEFI BIOS EZ Mode featuring friendly graphics user interface</td>rn		</tr>rn		<tr>rn			<td>- Turbo LAN</td>rn		</tr>rn		<tr>rn			<td>- Crystal Sound 3</td>rn		</tr>rn		<tr>rn			<td>- Armoury Crate</td>rn		</tr>rn		<tr>rn			<td>- Pre-mounted I/O Shield</td>rn		</tr>rn		<tr>rn			<td>ASUS Quiet Thermal Solution&nbsp;:</td>rn		</tr>rn		<tr>rn			<td>- Stylish Design Heat-pipe solution</td>rn		</tr>rn		<tr>rn			<td>- Stylish Fanless Design with M.2 Heat-sink solution</td>rn		</tr>rn		<tr>rn			<td>- ASUS Fan Xpert 4</td>rn		</tr>rn		<tr>rn			<td>ASUS EZ DIY :</td>rn		</tr>rn		<tr>rn			<td>- ASUS EZ Flash 3</td>rn		</tr>rn		<tr>rn			<td>- ASUS USB BIOS FlashBack&trade;</td>rn		</tr>rn		<tr>rn			<td>- ASUS UEFI BIOS EZ Mode</td>rn		</tr>rn		<tr>rn			<td>- Multi-language BIOS</td>rn		</tr>rn		<tr>rn			<td>ASUS Q-Design :</td>rn		</tr>rn		<tr>rn			<td>- ASUS Q-Code</td>rn		</tr>rn		<tr>rn			<td>- ASUS Q-LED (CPU, DRAM, VGA, Boot Device LED)</td>rn		</tr>rn		<tr>rn			<td>- ASUS Q-Slot</td>rn		</tr>rn		<tr>rn			<td>- ASUS Q-DIMM</td>rn		</tr>rn		<tr>rn			<td>- ASUS Q-Connector</td>rn		</tr>rn		<tr>rn			<td rowspan="6">Back I/O Ports</td>rn			<td>1 x LAN (RJ45) port(s)</td>rn		</tr>rn		<tr>rn			<td>4 x USB 3.2 Gen 2 (teal blue) (3 x Type-A+1 x Type-C) (one port can be switched to USB BIOS FlashBack&trade;)</td>rn		</tr>rn		<tr>rn			<td>6 x USB 3.2 Gen 1 (blue)</td>rn		</tr>rn		<tr>rn			<td>1 x Optical S/PDIF out</td>rn		</tr>rn		<tr>rn			<td>5 x Audio jack(s)</td>rn		</tr>rn		<tr>rn			<td>1 x USB BIOS FlashBack&trade;&nbsp;Button(s)</td>rn		</tr>rn		<tr>rn			<td rowspan="23">Internal I/O Ports</td>rn			<td>1 x Q_Code</td>rn		</tr>rn		<tr>rn			<td>2 x Aura RGB Strip Header(s)</td>rn		</tr>rn		<tr>rn			<td>2 x Addressable Gen 2 header(s)</td>rn		</tr>rn		<tr>rn			<td>2 x USB 3.2 Gen 1(up to 5Gbps) connector(s) support(s) additional 4 USB 3.2 Gen 1 port(s)</td>rn		</tr>rn		<tr>rn			<td>2 x USB 2.0 connector(s) support(s) additional 4 USB 2.0 port(s)</td>rn		</tr>rn		<tr>rn			<td>2 x M.2 Socket 3 with M key, type 2242/2260/2280/22110 storage devices support(SATA &amp; PCIe 4.0 x4 mode)</td>rn		</tr>rn		<tr>rn			<td>1 x M.2 Socket 3 with vertical M key, type 2242/2260/2280/22110 storage devices support(SATA &amp; PCIe 4.0 x4 mode)</td>rn		</tr>rn		<tr>rn			<td>1 x M.2 with E key for Wi-Fi module</td>rn		</tr>rn		<tr>rn			<td>8 x SATA 6Gb/s connector(s)</td>rn		</tr>rn		<tr>rn			<td>1 x CPU Fan connector(s) (1 x 4 -pin)</td>rn		</tr>rn		<tr>rn			<td>1 x CPU OPT Fan connector(s) (1 x 4 -pin)</td>rn		</tr>rn		<tr>rn			<td>3 x Chassis Fan connector(s) (3 x 4 -pin)</td>rn		</tr>rn		<tr>rn			<td>1 x AIO_PUMP connector (1 x 4 -pin)</td>rn		</tr>rn		<tr>rn			<td>1 x W_PUMP+ connector (1 x 4 -pin)</td>rn		</tr>rn		<tr>rn			<td>1 x 24-pin EATX Power connector(s)</td>rn		</tr>rn		<tr>rn			<td>2 x 8-pin ATX 12V Power connector(s)</td>rn		</tr>rn		<tr>rn			<td>1 x Front panel audio connector(s) (AAFP)</td>rn		</tr>rn		<tr>rn			<td>1 x System panel(s) (Q-Connector) x With flexkey function</td>rn		</tr>rn		<tr>rn			<td>1 x Thermal sensor connector(s)</td>rn		</tr>rn		<tr>rn			<td>1 x Power-on button(s)</td>rn		</tr>rn		<tr>rn			<td>1 x Clear CMOS jumper(s)</td>rn		</tr>rn		<tr>rn			<td>1 x Node Connector(s)</td>rn		</tr>rn		<tr>rn			<td>1 x USB 3.2 Gen 2 front panel connector</td>rn		</tr>rn		<tr>rn			<td>BIOS</td>rn			<td>1 x 128 Mb Flash ROM, UEFI AMI BIOS, PnP, WfM2.0, SM BIOS 3.2, ACPI 6.2</td>rn		</tr>rn		<tr>rn			<td>Manageability</td>rn			<td>WfM 2.0, WOL by PME, PXE</td>rn		</tr>rn		<tr>rn			<td>Hệ điều h&agrave;nh</td>rn			<td>Support for Windows 10 64-bit</td>rn		</tr>rn		<tr>rn			<td>K&iacute;ch Thước&nbsp;</td>rn			<td>ATX Form Factor 12 inch x 9.6 inch ( 30.5 cm x 24.4 cm )</td>rn		</tr>rn	</tbody>rn</table>rn', 2, 98, 1, 5, '2021-08-05 19:41:17', '2021-08-05 19:41:17');
INSERT INTO public.products (id, proname, proslug, procategoryid, proprice, proauthorid, prosale, proactive, prohot, proview, prodescription, proavatar, prodescriptionseo, prokeywordseo, protitleseo, procontent, propay, pronumber, prototalrating, prototalnumber, createdat, updatedat) VALUES (18, 'ASUS ROG Strix TRX40-E Gaming', 'asus-rog-strix-trx40-e-gaming', 10, 13740000, 1, 0, 1, 1, 0, '- Nhà sản xuất : ASUSrnrn- Bảo hành : 36 tháng rnrn- Tình trạng: Mới 100%', 'ASROCK B550 Steel Legend.jpg', 'ASUS ROG Strix TRX40-E Gaming', NULL, 'ASUS ROG Strix TRX40-E Gaming', '<p><strong>Th&ocirc;ng số kỹ thuật&nbsp;</strong></p>rnrn<table border="3" cellpadding="3" cellspacing="3" style="width:900px">rn	<tbody>rn		<tr>rn			<td colspan="2"><strong>&nbsp;M&ocirc; tả chi tiết&nbsp;</strong></td>rn		</tr>rn		<tr>rn			<td>CPU</td>rn			<td>AMD Socket sTRX4 for 3rd Gen AMD Ryzen&trade; Threadripper&trade; Series Desktop Processors<br />rn			&nbsp;Refer to www.asus.com for CPU support list</td>rn		</tr>rn		<tr>rn			<td>Chipset</td>rn			<td>&nbsp;Build in AMD TRX40</td>rn		</tr>rn		<tr>rn			<td>Bộ nhớrn			<p>&nbsp;</p>rn			</td>rn			<td>3rd&nbsp;Gen AMD Ryzen&trade;&nbsp;Threadripper&trade;&nbsp;Series Desktop processors</td>rn		</tr>rn		<tr>rn			<td>&nbsp;</td>rn			<td>8 x DIMM, Max. 256GB, DDR4 3200/2933/2800/2666/2400/2133 MHz ECC and non-ECC, Un-buffered Memory</td>rn		</tr>rn		<tr>rn			<td rowspan="2">Multi-GPU Support</td>rn			<td>Supports NVIDIA&reg; 2-Way SLI&reg; Technology</td>rn		</tr>rn		<tr>rn			<td>Supports AMD 2-Way CrossFireX Technology</td>rn		</tr>rn		<tr>rn			<td rowspan="3">Expansion Slots</td>rn			<td>3rd&nbsp;Gen AMD Ryzen&trade;&nbsp;Threadripper&trade;&nbsp;Series Desktop processors</td>rn		</tr>rn		<tr>rn			<td>3 x PCIe 4.0 x16 (x16/x16/x16)</td>rn		</tr>rn		<tr>rn			<td>1 x PCIe 4.0 x4</td>rn		</tr>rn		<tr>rn			<td rowspan="6">Storage</td>rn			<td>3rd&nbsp;Gen AMD Ryzen&trade;&nbsp;Threadripper&trade;&nbsp;Series Desktop processors :</td>rn		</tr>rn		<tr>rn			<td>2 x M.2 Socket 3, with M key, type 2242/2260/2280/22110 storage devices support(PCIe 4.0 x4 mode)</td>rn		</tr>rn		<tr>rn			<td>AMD TRX40 chipset :</td>rn		</tr>rn		<tr>rn			<td>1 x M.2 Socket 3, with vertical M key, type 2242/2260/2280/22110 storage devices support(SATA &amp; PCIe 4.0 x4 mode)</td>rn		</tr>rn		<tr>rn			<td>AMD TRX40 chipset :</td>rn		</tr>rn		<tr>rn			<td>8 x SATA 6Gb/s port(s),</td>rn		</tr>rn		<tr>rn			<td>&nbsp;</td>rn			<td>ASMedia&reg; SATA 6Gb/s controller :</td>rn		</tr>rn		<tr>rn			<td>&nbsp;</td>rn			<td>4 x SATA 6Gb/s port(s),</td>rn		</tr>rn		<tr>rn			<td>&nbsp;</td>rn			<td>Support Raid 0, 1, 10</td>rn		</tr>rn		<tr>rn			<td rowspan="4">LAN</td>rn			<td>Realtek&reg; RTL8125-CG 2.5G LAN</td>rn		</tr>rn		<tr>rn			<td>Intel&reg; I211-AT, 1 x Gigabit LAN Controller(s)</td>rn		</tr>rn		<tr>rn			<td>Anti-surge LANGuard</td>rn		</tr>rn		<tr>rn			<td>ROG GameFirst V Technology</td>rn		</tr>rn		<tr>rn			<td>Wireless Data Network</td>rn			<td>Intel&reg; Wi-Fi 6 AX200</td>rn		</tr>rn		<tr>rn			<td>&nbsp;</td>rn			<td>Wi-Fi 802.11 ax, Bluetooth&reg; 5.0</td>rn		</tr>rn		<tr>rn			<td>&nbsp;</td>rn			<td>Supports dual band frequency 2.4/5 GHz</td>rn		</tr>rn		<tr>rn			<td>&nbsp;</td>rn			<td>Supports 2x2 MU-MIMO</td>rn		</tr>rn		<tr>rn			<td>&nbsp;</td>rn			<td>Supports channel bandwidth: HT20/HT40/HT80/HT160. Up to 1.73Gbps transfer speed</td>rn		</tr>rn		<tr>rn			<td rowspan="11">Audio</td>rn			<td>ROG SupremeFX 8-Channel High Definition Audio CODEC S1220</td>rn		</tr>rn		<tr>rn			<td>- Dual OP Amplifiers</td>rn		</tr>rn		<tr>rn			<td>- Supports : Jack-detection, Multi-streaming, Front Panel MIC Jack-retasking</td>rn		</tr>rn		<tr>rn			<td>- High quality 120 dB SNR stereo playback output 108 dB SNR recording input</td>rn		</tr>rn		<tr>rn			<td>- Supports up to 32-Bit/192kHz playback</td>rn		</tr>rn		<tr>rn			<td>Audio Feature :</td>rn		</tr>rn		<tr>rn			<td>#NAME?</td>rn		</tr>rn		<tr>rn			<td>- Sonic Studio III + Sonic Studio Virtual Mixer</td>rn		</tr>rn		<tr>rn			<td>- DTS&reg; Sound Unbound</td>rn		</tr>rn		<tr>rn			<td>- Optical S/PDIF out port(s) at back panel</td>rn		</tr>rn		<tr>rn			<td>- Sonic Radar III</td>rn		</tr>rn		<tr>rn			<td rowspan="10">USB Ports</td>rn			<td>3rd Gen AMD Ryzen&trade; Threadripper&trade; Processors :</td>rn		</tr>rn		<tr>rn			<td>4 x USB 3.2 Gen 2 port(s) (4 at back panel, red)</td>rn		</tr>rn		<tr>rn			<td>AMD TRX40 chipset :</td>rn		</tr>rn		<tr>rn			<td>1 x USB 3.2 Gen 2 front panel connector port(s)</td>rn		</tr>rn		<tr>rn			<td>AMD TRX40 chipset :</td>rn		</tr>rn		<tr>rn			<td>4 x USB 3.2 Gen 2 port(s) (4 at back panel, red, 3 x Type-A+1 x Type-C)</td>rn		</tr>rn		<tr>rn			<td>AMD TRX40 chipset :</td>rn		</tr>rn		<tr>rn			<td>8 x USB 2.0 port(s)</td>rn		</tr>rn		<tr>rn			<td>ASMedia&reg; USB 3.2 Gen 1 controller :</td>rn		</tr>rn		<tr>rn			<td>4 x USB 3.2 Gen 1 port(s) (4 at mid-board)</td>rn		</tr>rn		<tr>rn			<td rowspan="7">ROG Exclusive Features</td>rn			<td>ROG Exclusive Software</td>rn		</tr>rn		<tr>rn			<td>- RAMCache III</td>rn		</tr>rn		<tr>rn			<td>- CPU-Z</td>rn		</tr>rn		<tr>rn			<td>- GameFirst V</td>rn		</tr>rn		<tr>rn			<td>- Sonic Studio III + Sonic Studio Link</td>rn		</tr>rn		<tr>rn			<td>- Sonic Radar III</td>rn		</tr>rn		<tr>rn			<td>- Overwolf</td>rn		</tr>rn		<tr>rn			<td rowspan="27">Special Features</td>rn			<td>5-Way Optimization by Dual Intelligent Processors 5</td>rn		</tr>rn		<tr>rn			<td>- Whole system optimization with a single click! 5-Way Optimization tuning key perfectly consolidates TPU, EPU, DIGI+ Power Control, Fan Xpert 4, and Turbo App together, providing better CPU performance, efficient power saving, precise digital power control, whole system cooling and even tailor your own app usages.</td>rn		</tr>rn		<tr>rn			<td>Gamer&#39;s Guardian:</td>rn		</tr>rn		<tr>rn			<td>- DRAM Overcurrent Protection</td>rn		</tr>rn		<tr>rn			<td>- Highly Durable Components</td>rn		</tr>rn		<tr>rn			<td>- DIGI+ VRM</td>rn		</tr>rn		<tr>rn			<td>- SafeSlot</td>rn		</tr>rn		<tr>rn			<td>- ESD Guards on LAN, Audio,and USB ports</td>rn		</tr>rn		<tr>rn			<td>LiveDash OLED 1.3 &rdquo;</td>rn		</tr>rn		<tr>rn			<td>AURA :</td>rn		</tr>rn		<tr>rn			<td>- Aura Lighting Control</td>rn		</tr>rn		<tr>rn			<td>- Addressable Gen 2 Header</td>rn		</tr>rn		<tr>rn			<td>ASUS Exclusive Features&nbsp;:</td>rn		</tr>rn		<tr>rn			<td>- USB BIOS FlashBack&trade;</td>rn		</tr>rn		<tr>rn			<td>- AI Suite 3</td>rn		</tr>rn		<tr>rn			<td>- Ai Charger</td>rn		</tr>rn		<tr>rn			<td>- Pre-mounted I/O Shield</td>rn		</tr>rn		<tr>rn			<td>- ASUS NODE: hardware control interface</td>rn		</tr>rn		<tr>rn			<td>- BIOS FlashBack&trade;&nbsp;Button</td>rn		</tr>rn		<tr>rn			<td>ASUS EZ DIY :</td>rn		</tr>rn		<tr>rn			<td>- ASUS CrashFree BIOS 3</td>rn		</tr>rn		<tr>rn			<td>- ASUS EZ Flash 3</td>rn		</tr>rn		<tr>rn			<td>ASUS Q-Design :</td>rn		</tr>rn		<tr>rn			<td>- ASUS Q-LED (CPU, DRAM, VGA, Boot Device LED)</td>rn		</tr>rn		<tr>rn			<td>- ASUS Q-Slot</td>rn		</tr>rn		<tr>rn			<td>- ASUS Q-DIMM</td>rn		</tr>rn		<tr>rn			<td>- ASUS Q-Connector</td>rn		</tr>rn		<tr>rn			<td rowspan="7">Back I/O Ports</td>rn			<td>1 x LAN (RJ45) port(s)</td>rn		</tr>rn		<tr>rn			<td>8 x USB 3.2 Gen 2 (7 x Type-A+1 x Type-C)</td>rn		</tr>rn		<tr>rn			<td>4 x USB 2.0</td>rn		</tr>rn		<tr>rn			<td>1 x Optical S/PDIF out</td>rn		</tr>rn		<tr>rn			<td>5 x Audio jack(s)</td>rn		</tr>rn		<tr>rn			<td>1 x Anti-surge 2.5G LAN (RJ45) port</td>rn		</tr>rn		<tr>rn			<td>1 x USB BIOS FlashBack&trade;&nbsp;Button(s)</td>rn		</tr>rn		<tr>rn			<td rowspan="26">Internal I/O Ports</td>rn			<td>2 x Aura RGB Strip Header</td>rn		</tr>rn		<tr>rn			<td>2 x Addressable Gen 2 header(s)</td>rn		</tr>rn		<tr>rn			<td>2 x USB 3.2 Gen 1(up to 5Gbps) connector(s) support(s) additional 4 USB 3.2 Gen 1 port(s)</td>rn		</tr>rn		<tr>rn			<td>2 x USB 2.0 connector(s) support(s) additional 4 USB 2.0 port(s)</td>rn		</tr>rn		<tr>rn			<td>2 x M.2 Socket 1 with M key, type 2242/2260/2280/22110 storage devices support(PCIe 4.0 x4 mode)</td>rn		</tr>rn		<tr>rn			<td>1 x M.2 Socket 2 with vertical M key, type 2242/2260/2280/22110 storage devices support(SATA &amp; PCIe 4.0 x4 mode)</td>rn		</tr>rn		<tr>rn			<td>1 x TPM header</td>rn		</tr>rn		<tr>rn			<td>8 x SATA 6Gb/s connector(s)</td>rn		</tr>rn		<tr>rn			<td>1 x CPU Fan connector(s)</td>rn		</tr>rn		<tr>rn			<td>1 x CPU OPT Fan connector(s)</td>rn		</tr>rn		<tr>rn			<td>3 x Chassis Fan connector(s)</td>rn		</tr>rn		<tr>rn			<td>1 x AIO_PUMP connector</td>rn		</tr>rn		<tr>rn			<td>1 x W_PUMP+ connector</td>rn		</tr>rn		<tr>rn			<td>1 x 24-pin EATX Power connector(s)</td>rn		</tr>rn		<tr>rn			<td>2 x 8-pin ATX 12V Power connector(s)</td>rn		</tr>rn		<tr>rn			<td>0 x Front panel audio connector(s) (AAFP)</td>rn		</tr>rn		<tr>rn			<td>1 x Thermal sensor connector(s)</td>rn		</tr>rn		<tr>rn			<td>1 x Power-on button(s)</td>rn		</tr>rn		<tr>rn			<td>1 x Clear CMOS jumper(s)</td>rn		</tr>rn		<tr>rn			<td>1 x Node Connector(s)</td>rn		</tr>rn		<tr>rn			<td>1 x USB BIOS FlashBack&trade;&nbsp;button(s)</td>rn		</tr>rn		<tr>rn			<td>1 x System panel connector</td>rn		</tr>rn		<tr>rn			<td>1 x USB 3.2 Gen 2 front panel connector</td>rn		</tr>rn		<tr>rn			<td>1 x Speaker connector</td>rn		</tr>rn		<tr>rn			<td>1 x Chipset Fan Header</td>rn		</tr>rn		<tr>rn			<td>1 x VRM_HS_FAN Header</td>rn		</tr>rn		<tr>rn			<td>BIOS</td>rn			<td>128 Mb Flash ROM, UEFI AMI BIOS, PnP, WfM2.0, SM BIOS 3.2, ACPI 6.2</td>rn		</tr>rn		<tr>rn			<td>Hệ điều h&agrave;nh</td>rn			<td>Support for Windows 10 64-bit</td>rn		</tr>rn		<tr>rn			<td>K&iacute;ch Thước&nbsp;</td>rn			<td>ATX Form Factor 12 inch x 9.6 inch ( 30.5 cm x 24.4 cm )</td>rn		</tr>rn	</tbody>rn</table>rnrn<p>&nbsp;</p>rnrn<p><img src="https://file.hstatic.net/1000026716/file/gearvn-rog-strix-trx40-e-gaming-3_558f20cb00364d48a44c6b431a0227a1.jpg" /></p>rnrn<p><img src="https://file.hstatic.net/1000026716/file/gearvn-rog-strix-trx40-e-gaming-4_d98d5404f43f42e4b1003ca5617035ea.jpg" /></p>rnrn<p><img src="https://file.hstatic.net/1000026716/file/gearvn-rog-strix-trx40-e-gaming-5_16a097d9bc1f493c8f53ec7723eb49c2.jpg" /></p>rnrn<p><img src="https://file.hstatic.net/1000026716/file/gearvn-rog-strix-trx40-e-gaming-6_e836ada99749476882ad5ec288116801.jpg" /></p>rn', 0, 90, 1, 4, '2021-06-23 04:33:19', '2021-08-05 18:42:44');
INSERT INTO public.products (id, proname, proslug, procategoryid, proprice, proauthorid, prosale, proactive, prohot, proview, prodescription, proavatar, prodescriptionseo, prokeywordseo, protitleseo, procontent, propay, pronumber, prototalrating, prototalnumber, createdat, updatedat) VALUES (19, 'ASUS ROG Zenith II Extreme', 'asus-rog-zenith-ii-extreme', 10, 19370000, 1, 2, 1, 1, 0, '- Nhà sản xuất : ASUSrnrn- Bảo hành : 36 tháng rnrn- Tình trạng: Mới 100%', 'gearvn-rog-zenith-ii-extreme-233_6ff3684c83474b5185c30a0ada243e84.jpg', 'ASUS ROG Zenith II Extreme', NULL, 'ASUS ROG Zenith II Extreme', '<p><strong>Th&ocirc;ng số kỹ thuật&nbsp;</strong></p>rnrn<table border="3" cellpadding="3" cellspacing="3" style="width:900px">rn	<tbody>rn		<tr>rn			<td>&nbsp;CPU</td>rn			<td>&nbsp;AMD Socket sTRX4 for 3rd Gen AMD Ryzen&trade; Threadripper&trade; Series Desktop Processors<br />rn			&nbsp;Refer to www.asus.com for CPU support list</td>rn		</tr>rn		<tr>rn			<td>&nbsp;Chipset</td>rn			<td>&nbsp;AMD TRX40</td>rn		</tr>rn		<tr>rn			<td rowspan="2">&nbsp; Bộ nhớrn			<p>&nbsp;</p>rn			</td>rn			<td>&nbsp;3rd&nbsp;Gen AMD Ryzen&trade;&nbsp;Threadripper&trade;&nbsp;Series Desktop processors</td>rn		</tr>rn		<tr>rn			<td>&nbsp;8 x DIMM, Max. 256GB, DDR4 3200/2933/2800/2666/2400/2133 MHz ECC and non-ECC, Un-buffered&nbsp; &nbsp;Memory</td>rn		</tr>rn		<tr>rn			<td rowspan="2">&nbsp; Multi-GPU Support</td>rn			<td>&nbsp;Supports NVIDIA&reg; 2-Way SLI&reg; Technology</td>rn		</tr>rn		<tr>rn			<td>&nbsp;Supports AMD 2-Way CrossFireX Technology</td>rn		</tr>rn		<tr>rn			<td rowspan="2">&nbsp; Expansion Slots</td>rn			<td>&nbsp;3rd&nbsp;Gen AMD Ryzen&trade;&nbsp;Threadripper&trade;&nbsp;Series Desktop processors</td>rn		</tr>rn		<tr>rn			<td>&nbsp;4 x PCIe 4.0 (x16, x16/x16, x16/x8/x16, x16/x8/x16/x8)</td>rn		</tr>rn		<tr>rn			<td rowspan="10">&nbsp; Storage</td>rn			<td>&nbsp;3rd&nbsp;Gen AMD Ryzen&trade;&nbsp;Threadripper&trade;&nbsp;Series Desktop processors :</td>rn		</tr>rn		<tr>rn			<td>&nbsp;1 x ROG DIMM.2 Module supports 2 M.2 Socket 3 , with M key, type 2242/2260/2280/22110 storage&nbsp; &nbsp;devices support(SATA &amp; PCIe 4.0 x4 mode)</td>rn		</tr>rn		<tr>rn			<td>&nbsp;2 x M.2 Socket 3, with M Key, type 2242/2260/2280 (PCIe 4.0 x4 mode)*1</td>rn		</tr>rn		<tr>rn			<td>&nbsp;3rd&nbsp;Gen AMD Ryzen&trade;&nbsp;Threadripper&trade;&nbsp;Series Desktop processors :</td>rn		</tr>rn		<tr>rn			<td>&nbsp;1 x M.2 Socket 3, with M Key, type 2242/2260/2280 (PCIe 4.0 x4/x2 mode)*2</td>rn		</tr>rn		<tr>rn			<td>&nbsp;Support Raid 0, 1, 10</td>rn		</tr>rn		<tr>rn			<td>&nbsp;AMD TRX40 chipset :</td>rn		</tr>rn		<tr>rn			<td>&nbsp;4 x SATA 6Gb/s port(s),</td>rn		</tr>rn		<tr>rn			<td>&nbsp;ASMedia&reg; SATA 6Gb/s controller :</td>rn		</tr>rn		<tr>rn			<td>&nbsp;4 x SATA 6Gb/s port(s),</td>rn		</tr>rn		<tr>rn			<td rowspan="4">&nbsp; LAN</td>rn			<td>&nbsp;Intel&reg; I211-AT, 1 x Gigabit LAN Controller(s)</td>rn		</tr>rn		<tr>rn			<td>&nbsp;Aquantia AQC-107 10G</td>rn		</tr>rn		<tr>rn			<td>&nbsp;Anti-surge LANGuard</td>rn		</tr>rn		<tr>rn			<td>&nbsp;ROG GameFirst V Technology</td>rn		</tr>rn		<tr>rn			<td rowspan="5">&nbsp; Wireless Data Network</td>rn			<td>&nbsp;Intel&reg; Wi-Fi 6 AX200</td>rn		</tr>rn		<tr>rn			<td>&nbsp;Wi-Fi 802.11 ax, Bluetooth&reg; 5.0</td>rn		</tr>rn		<tr>rn			<td>&nbsp;Supports dual band frequency 2.4/5 GHz</td>rn		</tr>rn		<tr>rn			<td>&nbsp;Supports 2x2 MU-MIMO</td>rn		</tr>rn		<tr>rn			<td>&nbsp;Supports channel bandwidth: HT20/HT40/HT80/HT160. Up to 1.73Gbps transfer speed</td>rn		</tr>rn		<tr>rn			<td rowspan="11">Audio</td>rn			<td>ROG SupremeFX 8-Channel High Definition Audio CODEC S1220</td>rn		</tr>rn		<tr>rn			<td>- Impedance sense for front and rear headphone outputs</td>rn		</tr>rn		<tr>rn			<td>- Supports : Jack-detection, Multi-streaming, Front Panel MIC Jack-retasking</td>rn		</tr>rn		<tr>rn			<td>- High quality 120 dB SNR stereo playback output 108 dB SNR recording input</td>rn		</tr>rn		<tr>rn			<td>- ESS&reg; ESS9018Q2C</td>rn		</tr>rn		<tr>rn			<td>Audio Feature :</td>rn		</tr>rn		<tr>rn			<td>- SupremeFX Shielding&trade; Technology</td>rn		</tr>rn		<tr>rn			<td>- Sonic Studio III + Sonic Studio Virtual Mixer</td>rn		</tr>rn		<tr>rn			<td>- DTS&reg; Sound Unbound</td>rn		</tr>rn		<tr>rn			<td>LED-illuminated design - Brighten up your build with the gorgeous illuminated audio trace path.</td>rn		</tr>rn		<tr>rn			<td>- Sonic Radar III</td>rn		</tr>rn		<tr>rn			<td rowspan="12">USB Ports</td>rn			<td>3rd Gen AMD Ryzen&trade; Threadripper&trade; Processors :</td>rn		</tr>rn		<tr>rn			<td>4 x USB 3.2 Gen 2 port(s) (4 at back panel, red)</td>rn		</tr>rn		<tr>rn			<td>AMD TRX40 chipset :</td>rn		</tr>rn		<tr>rn			<td>2 x USB 3.2 Gen 2 front panel connector port(s)</td>rn		</tr>rn		<tr>rn			<td>AMD TRX40 chipset :</td>rn		</tr>rn		<tr>rn			<td>3 x USB 3.2 Gen 2 port(s) (3 at back panel, red, 2 x Type-A+1 x Type-C)</td>rn		</tr>rn		<tr>rn			<td>AMD TRX40 chipset :</td>rn		</tr>rn		<tr>rn			<td>3 x USB 2.0 port(s)</td>rn		</tr>rn		<tr>rn			<td>ASMedia&reg; USB 3.2 Gen 1 controller :</td>rn		</tr>rn		<tr>rn			<td>8 x USB 3.2 Gen 1 port(s) (4 at back panel, blue)</td>rn		</tr>rn		<tr>rn			<td>ASMedia&reg; USB 3.2 Gen2x2 controller :</td>rn		</tr>rn		<tr>rn			<td>1 x USB 3.2 Gen 2x2 (up to 20Gbps) port(s) (1 at back panel, , Type-C)</td>rn		</tr>rn		<tr>rn			<td rowspan="7">ROG Exclusive Features</td>rn			<td>ROG Exclusive Software</td>rn		</tr>rn		<tr>rn			<td>- RAMCache III</td>rn		</tr>rn		<tr>rn			<td>- CPU-Z</td>rn		</tr>rn		<tr>rn			<td>- GameFirst V</td>rn		</tr>rn		<tr>rn			<td>- Sonic Studio III + Sonic Studio Link</td>rn		</tr>rn		<tr>rn			<td>- Sonic Radar III</td>rn		</tr>rn		<tr>rn			<td>- Overwolf</td>rn		</tr>rn		<tr>rn			<td rowspan="30">Special Features</td>rn			<td>ASUS Dual Intelligent Processors 5-Way Optimization by Dual Intelligent Processors 5 :</td>rn		</tr>rn		<tr>rn			<td>- 5-Way Optimization tuning key perfectly consolidates TPU, EPU, DIGI+ VRM, Fan Expert 4, and Turbo App</td>rn		</tr>rn		<tr>rn			<td>Gamer&#39;s Guardian:</td>rn		</tr>rn		<tr>rn			<td>- DRAM Overcurrent Protection</td>rn		</tr>rn		<tr>rn			<td>- 10K Black Metallic Capacitors</td>rn		</tr>rn		<tr>rn			<td>- DIGI+ VRM</td>rn		</tr>rn		<tr>rn			<td>- SafeSlot</td>rn		</tr>rn		<tr>rn			<td>- ESD Guards on LAN, Audio,and USB ports</td>rn		</tr>rn		<tr>rn			<td>LiveDash OLED 1.77 &rdquo;</td>rn		</tr>rn		<tr>rn			<td>AURA :</td>rn		</tr>rn		<tr>rn			<td>- Aura Lighting Control</td>rn		</tr>rn		<tr>rn			<td>- Aura RGB Strip Headers</td>rn		</tr>rn		<tr>rn			<td>- Addressable Gen 2 Header</td>rn		</tr>rn		<tr>rn			<td>ASUS Exclusive Features&nbsp;:</td>rn		</tr>rn		<tr>rn			<td>- AI Suite 3</td>rn		</tr>rn		<tr>rn			<td>- Ai Charger+</td>rn		</tr>rn		<tr>rn			<td>- Pre-mounted I/O Shield</td>rn		</tr>rn		<tr>rn			<td>- ASUS EZ Flash 3</td>rn		</tr>rn		<tr>rn			<td>- ASUS C.P.R.(CPU Parameter Recall)</td>rn		</tr>rn		<tr>rn			<td>- BIOS FlashBack&trade;&nbsp;Button</td>rn		</tr>rn		<tr>rn			<td>- Clear CMOS Button</td>rn		</tr>rn		<tr>rn			<td>ASUS Q-Design :</td>rn		</tr>rn		<tr>rn			<td>- ASUS Q-Code</td>rn		</tr>rn		<tr>rn			<td>- ASUS Q-LED (CPU, DRAM, VGA, Boot Device LED, HDD LED)</td>rn		</tr>rn		<tr>rn			<td>- ASUS Q-Slot</td>rn		</tr>rn		<tr>rn			<td>- ASUS Q-DIMM</td>rn		</tr>rn		<tr>rn			<td>- ASUS Q-Connector</td>rn		</tr>rn		<tr>rn			<td>Digi+VRM</td>rn		</tr>rn		<tr>rn			<td>MemOK! II</td>rn		</tr>rn		<tr>rn			<td>Armoury Crate</td>rn		</tr>rn		<tr>rn			<td rowspan="9">Back I/O Ports</td>rn			<td>1 x LAN (RJ45) port(s)</td>rn		</tr>rn		<tr>rn			<td>1 x USB 3.2 Gen 2x2 (up to 20Gbps) ports (Type-C)</td>rn		</tr>rn		<tr>rn			<td>4 x USB 3.2 Gen 1 blue</td>rn		</tr>rn		<tr>rn			<td>5 x USB 3.2 Gen 2 (red) (3 x Type-A+1 x Type-C)</td>rn		</tr>rn		<tr>rn			<td>1 x Optical S/PDIF out</td>rn		</tr>rn		<tr>rn			<td>1 x Clear CMOS button(s)</td>rn		</tr>rn		<tr>rn			<td>5 x LED-illuminated audio jacks</td>rn		</tr>rn		<tr>rn			<td>1 x Aquantia AQC-107 10G LAN port</td>rn		</tr>rn		<tr>rn			<td>1 x USB BIOS FlashBack&trade;&nbsp;Button(s)</td>rn		</tr>rn		<tr>rn			<td rowspan="39">Internal I/O Ports</td>rn			<td>2 x Aura RGB Strip Header</td>rn		</tr>rn		<tr>rn			<td>2 x Addressable Gen 2 header(s)</td>rn		</tr>rn		<tr>rn			<td>2 x USB 3.2 Gen 1(up to 5Gbps) connector(s) support(s) additional 4 USB 3.2 Gen 1 port(s)</td>rn		</tr>rn		<tr>rn			<td>2 x USB 2.0 connector(s) support(s) additional 3 USB 2.0 port(s)</td>rn		</tr>rn		<tr>rn			<td>1 x M.2 Socket 3 with M key, type 2242/2260/2280 storage devices(support PCIe 4.0 x4 mode)</td>rn		</tr>rn		<tr>rn			<td>1 x M.2 Socket 3 with M key, type 2242/2260/2280 storage devices(support PCIe 4.0 x4/x2 mode)</td>rn		</tr>rn		<tr>rn			<td>1 x TPM header</td>rn		</tr>rn		<tr>rn			<td>8 x SATA 6Gb/s connector(s)</td>rn		</tr>rn		<tr>rn			<td>1 x CPU Fan connector(s)</td>rn		</tr>rn		<tr>rn			<td>1 x CPU OPT Fan connector(s)</td>rn		</tr>rn		<tr>rn			<td>2 x Chassis Fan connector(s)</td>rn		</tr>rn		<tr>rn			<td>1 x H_AMP fan connector</td>rn		</tr>rn		<tr>rn			<td>2 x W_PUMP+ connector</td>rn		</tr>rn		<tr>rn			<td>1 x WB_SENSOR</td>rn		</tr>rn		<tr>rn			<td>1 x 6-pin EATX 12 V Power connector</td>rn		</tr>rn		<tr>rn			<td>1 x 24-pin EATX Power connector(s)</td>rn		</tr>rn		<tr>rn			<td>2 x 8-pin EATX 12V Power connectors</td>rn		</tr>rn		<tr>rn			<td>1 x 4-pin EZ_PLUG Power connector(s)</td>rn		</tr>rn		<tr>rn			<td>1 x Front panel audio connector(s) (AAFP)</td>rn		</tr>rn		<tr>rn			<td>7 x ProbeIt Measurement Points</td>rn		</tr>rn		<tr>rn			<td>1 x BIOS Switch button(s)</td>rn		</tr>rn		<tr>rn			<td>1 x Node Connector(s)</td>rn		</tr>rn		<tr>rn			<td>1 x LN2 Mode jumper(s)</td>rn		</tr>rn		<tr>rn			<td>1 x Safe Boot button</td>rn		</tr>rn		<tr>rn			<td>1 x ReTry button</td>rn		</tr>rn		<tr>rn			<td>1 x W_IN header</td>rn		</tr>rn		<tr>rn			<td>1 x W_OUT header</td>rn		</tr>rn		<tr>rn			<td>1 x W_FLOW header</td>rn		</tr>rn		<tr>rn			<td>2 x USB 3.2 Gen 2 front panel connector</td>rn		</tr>rn		<tr>rn			<td>1 x Speaker connector</td>rn		</tr>rn		<tr>rn			<td>1 x DIMM.2 Slot supports 2 M.2 drives (2242-22110)</td>rn		</tr>rn		<tr>rn			<td>1 x RSVD Switch</td>rn		</tr>rn		<tr>rn			<td>1 x Start button</td>rn		</tr>rn		<tr>rn			<td>1 x FlexKey button</td>rn		</tr>rn		<tr>rn			<td>1 x FS Mode switch</td>rn		</tr>rn		<tr>rn			<td>1 x M.2_3 cold storage Switch</td>rn		</tr>rn		<tr>rn			<td>1 x Chipset Fan Header</td>rn		</tr>rn		<tr>rn			<td>1 x VRM_HS_FAN Header</td>rn		</tr>rn		<tr>rn			<td>1 x M.2 socket pre-installed with a Wi-Fi/Bluetooth module</td>rn		</tr>rn		<tr>rn			<td>BIOS</td>rn			<td>2 x 128 Mb Flash ROM, UEFI AMI BIOS, PnP, WfM2.0, SM BIOS 3.2, ACPI 6.2</td>rn		</tr>rn		<tr>rn			<td>Hệ điều h&agrave;nh</td>rn			<td>Support for Windows 10 64-bit</td>rn		</tr>rn		<tr>rn			<td>K&iacute;ch Thước&nbsp;</td>rn			<td>Extended ATX Form Factor 12.2 inch x 10.9 inch ( 31 cm x 27.7 cm )</td>rn		</tr>rn	</tbody>rn</table>rnrn<p><img src="https://file.hstatic.net/1000026716/file/gearvn-rog-zenith-ii-extreme-222jpg_b43585e106924656937cc6efcf8b11c6.jpg" /></p>rnrn<p><img src="https://file.hstatic.net/1000026716/file/gearvn-rog-zenith-ii-extreme-2330_314d7f254a7c4f0486c508c0eb227726.jpg" /></p>rnrn<p><img src="https://file.hstatic.net/1000026716/file/gearvn-rog-zenith-ii-extreme-22222jpg_0a35a4cb700244bc88d7e1a8ae8c7081.jpg" /></p>rnrn<p><img src="https://file.hstatic.net/1000026716/file/gearvn-rog-zenith-ii-extreme-2222222jpg_8e4a5646d97f445187180d42725cdd62.jpg" /></p>rn', 0, 90, 0, 0, '2021-06-23 04:42:36', NULL);
INSERT INTO public.products (id, proname, proslug, procategoryid, proprice, proauthorid, prosale, proactive, prohot, proview, prodescription, proavatar, prodescriptionseo, prokeywordseo, protitleseo, procontent, propay, pronumber, prototalrating, prototalnumber, createdat, updatedat) VALUES (20, 'GIGABYTE Z590 UD (rev. 1.0)', 'gigabyte-z590-ud-rev-1-0', 10, 4890000, 1, 0, 1, 1, 0, 'Thông tin chung:rnrnHãng sản xuất: Gigabyte rnTình trạng: MớirnBảo hành: 36 Tháng', 'z590_ud_01_a0c566d0fc6c42cf98d7fcaaa0c5cf6c.png', 'GIGABYTE Z590 UD (rev. 1.0)', NULL, 'GIGABYTE Z590 UD (rev. 1.0)', '<h2>Mainboard&nbsp;GIGABYTE Z590 UD (rev. 1.0)</h2>rnrn<p><strong>Th&ocirc;ng số kỹ thuật:</strong></p>rnrn<table border="3" cellpadding="3" cellspacing="3" id="tblGeneralAttribute">rn	<tbody>rn		<tr>rn			<td>H&atilde;ng sản xuất:</td>rn			<td>GIGABYTE</td>rn		</tr>rn		<tr>rn			<td>Model:</td>rn			<td>Z590 UD</td>rn		</tr>rn		<tr>rn			<td><a href="https://gearvn.com/collections/cpu-bo-vi-xu-ly" title="CPU">CPU</a>:</td>rn			<td>rn			<p>11th Generation Intel<sup>&reg;</sup>&nbsp;<a href="https://gearvn.com/products/intel-core-i9-10900k" title="Core i9">Core i9</a>&nbsp;processors / Intel<sup>&reg;</sup>&nbsp;Core i7 processors / Intel<sup>&reg;</sup>&nbsp;Core&trade; i5 processors</p>rnrn			<p>10th Generation Intel<sup>&reg;</sup>&nbsp;Core i9 processors / Intel<sup>&reg;</sup>&nbsp;<a href="https://gearvn.com/products/intel-core-i7-10700k" title="Core i7">Core i7</a>&nbsp;processors / Intel<sup>&reg;</sup>&nbsp;Core&trade; i5 processors / Intel<sup>&reg;</sup>&nbsp;Core&trade; i3 processors/ Intel<sup>&reg;</sup>&nbsp;Pentium<sup>&reg;</sup>&nbsp;processors / Intel<sup>&reg;</sup>&nbsp;Celeron<sup>&reg;</sup>&nbsp;processors*<br />rn			&nbsp;</p>rnrn			<p>L3 cache varies with CPU</p>rn			</td>rn		</tr>rn		<tr>rn			<td>Chipset:</td>rn			<td>Intel Z590 Express Chipset</td>rn		</tr>rn		<tr>rn			<td>rn			<p>&nbsp;</p>rnrn			<p>&nbsp;</p>rnrn			<p>&nbsp;</p>rnrn			<p>&nbsp;</p>rnrn			<p>Bộ nhớ:</p>rn			</td>rn			<td>rn			<ul>rn				<li>11th Generation Intel&reg; Core&trade; i9/i7/i5 processors: Support for DDR4 3200/3000/2933/2666/2400/2133 MHz memory modules</li>rn				<li>10th Generation Intel&reg; Core&trade; i9/i7 processors: Support for DDR4 2933/2666/2400/2133 MHz memory modules</li>rn				<li>10th Generation Intel&reg; Core&trade; i5/i3/Pentium&reg;/Celeron&reg; processors: Support for DDR4 2666/2400/2133 MHz memory modules</li>rn				<li>4 x DDR4 DIMM sockets supporting up to 128 GB (32 GB single DIMM capacity) of system memory</li>rn				<li>Dual channel memory architecture</li>rn				<li>Support for ECC Un-buffered DIMM 1Rx8/2Rx8 memory modules (operate in non-ECC mode)</li>rn				<li>Support for non-ECC Un-buffered DIMM 1Rx8/2Rx8/1Rx16 memory modules</li>rn				<li>Support for Extreme Memory Profile (XMP) memory modules</li>rn			</ul>rn			</td>rn		</tr>rn		<tr>rn			<td>rn			<p>&nbsp;</p>rnrn			<p><a href="https://gearvn.com/collections/vga-card-man-hinh" title="Card đồ họa">Card đồ họa</a>&nbsp;t&iacute;ch hợp:</p>rn			</td>rn			<td>rn			<p>Integrated Graphics Processor-Intel<sup>&reg;</sup>&nbsp;HD Graphics support:</p>rnrn			<p>1 x DisplayPort, supporting a maximum resolution of 4096x2304@60 Hz * Support for DisplayPort 1.2 version and HDCP 2.3</p>rn			</td>rn		</tr>rn		<tr>rn			<td>rn			<p>&nbsp;</p>rnrn			<p>&Acirc;m thanh:</p>rn			</td>rn			<td>rn			<p>Realtek&reg; audio CODEC</p>rnrn			<p>High Definition Audio</p>rnrn			<p>2/4/5.1/7.1-channel</p>rnrn			<p>Support for S/PDIF Out</p>rn			</td>rn		</tr>rn		<tr>rn			<td>LAN:</td>rn			<td>Realtek 2.5GbE LAN chip (2.5 Gbit/1 Gbit/100 Mbit)</td>rn		</tr>rn		<tr>rn			<td>rn			<p>&nbsp;</p>rnrn			<p>Khe cắm mở rộng:</p>rn			</td>rn			<td>rn			<p>1 x PCI Express x16 slot, running at x16 (PCIEX16)</p>rnrn			<p>1 x PCI Express x16 slot, running at x4 (PCIEX4)</p>rnrn			<p>2 x PCI Express x1 slots (The PCIEX4 and PCIEX1 slots conform to PCI Express 3.0 standard.)</p>rn			</td>rn		</tr>rn		<tr>rn			<td>C&ocirc;ng nghệ đa card đồ họa:</td>rn			<td>Support for AMD Quad-GPU CrossFire&trade; and 2-Way AMD CrossFire&trade; technologies</td>rn		</tr>rn		<tr>rn			<td>rn			<p>&nbsp;</p>rnrn			<p>&nbsp;</p>rnrn			<p>&nbsp;</p>rnrn			<p>&nbsp;</p>rnrn			<p>Giao diện lưu trữ:</p>rn			</td>rn			<td><strong>CPU:</strong>rn			<ul>rn				<li>1 x M.2 connector (Socket 3, M key, type 2260/2280/22110 PCIe 4.0 x4 SSD support) (M2P_CPU) (Note)</li>rn			</ul>rn			<strong>Chipset:</strong>rnrn			<ul>rn				<li>1 x M.2 connector (Socket 3, M key, type 2260/2280/22110 SATA and PCIe 3.0 x4/x2 SSD support) (M2A_SB)</li>rn				<li>1 x M.2 connector (Socket 3, M key, type 2260/2280/22110 PCIe 3.0 x4/x2 SSD support) (M2M_SB)</li>rn			</ul>rn			5 x SATA 6Gb/s connectors<br />rn			Support for RAID 0, RAID 1, RAID 5, and RAID 10<br />rn			Intel<sup>&reg;</sup>&nbsp;Optane&trade; Memory Ready</td>rn		</tr>rn		<tr>rn			<td>rn			<p>&nbsp;</p>rnrn			<p>&nbsp;</p>rnrn			<p>&nbsp;</p>rnrn			<p>USB:</p>rn			</td>rn			<td><strong>Chipset:</strong>rn			<ul>rn				<li>2 x USB 3.2 Gen 2 Type-A ports (red) on the back panel</li>rn				<li>6 x USB 3.2 Gen 1 ports (4 ports on the back panel, 2 ports available through the internal USB header)</li>rn				<li>1 x USB Type-C<sup>&reg;</sup>&nbsp;port with USB 3.2 Gen 1 support, available through the internal USB header</li>rn			</ul>rn			<strong>Chipset+2 USB 2.0 Hubs:</strong>rnrn			<ul>rn				<li>6 x USB 2.0/1.1 ports (2 ports on the back panel, 4 ports available through the internal USB headers)</li>rn			</ul>rn			</td>rn		</tr>rn		<tr>rn			<td>rn			<p>&nbsp;</p>rnrn			<p>&nbsp;</p>rnrn			<p>&nbsp;</p>rnrn			<p>&nbsp;</p>rnrn			<p>&nbsp;</p>rnrn			<p>&nbsp;</p>rnrn			<p>&nbsp;</p>rnrn			<p>&nbsp;</p>rnrn			<p>&nbsp;</p>rnrn			<p>&nbsp;</p>rnrn			<p>&nbsp;</p>rnrn			<p>Kết nối I/O b&ecirc;n trong:</p>rn			</td>rn			<td>rn			<p>1 x 24-pin ATX main power connector</p>rnrn			<p>1 x 8-pin ATX 12V power connector</p>rnrn			<p>1 x 4-pin ATX 12V power connector</p>rnrn			<p>1 x CPU fan header</p>rnrn			<p>4 x system fan headers</p>rnrn			<p>2 x addressable LED strip headers</p>rnrn			<p>2 x RGB LED strip headers</p>rnrn			<p>1 x Q-Flash Plus button</p>rnrn			<p>5 x SATA 6Gb/s connectors</p>rnrn			<p>3 x M.2 Socket 3 connectors</p>rnrn			<p>1 x front panel header</p>rnrn			<p>1 x front panel audio header</p>rnrn			<p>1 x S/PDIF Out header</p>rnrn			<p>1 x USB 3.2 Gen 1 header 1</p>rnrn			<p>x USB Type-C&reg; header, with USB 3.2 Gen 1 support</p>rnrn			<p>2 x USB 2.0/1.1 headers</p>rnrn			<p>1 x Trusted Platform Module header (For the GC-TPM2.0 SPI/GC-TPM2.0 SPI 2.0 module only)</p>rnrn			<p>2 x Thunderbolt&trade; add-in card connectors</p>rnrn			<p>1 x serial port header</p>rnrn			<p>1 x Clear CMOS jumper</p>rn			</td>rn		</tr>rn		<tr>rn			<td>rn			<p>&nbsp;</p>rnrn			<p>&nbsp;</p>rnrn			<p>Kết nối bảng ph&iacute;a sau:</p>rn			</td>rn			<td>rn			<p>1 x PS/2 keyboard/mouse port</p>rnrn			<p>1 x DisplayPort</p>rnrn			<p>2 x USB 3.2 Gen 2 Type-A ports (red)</p>rnrn			<p>4 x USB 3.2 Gen 1 ports</p>rnrn			<p>2 x USB 2.0/1.1 ports</p>rnrn			<p>1 x RJ-45 port</p>rnrn			<p>3 x audio jacks</p>rn			</td>rn		</tr>rn		<tr>rn			<td>Điều khiển I/O:</td>rn			<td>iTE&reg; I/O Controller Chip</td>rn		</tr>rn		<tr>rn			<td>Theo d&otilde;i phần cứng:</td>rn			<td>Voltage detection Temperature detection Fan speed detection Fan fail warning Fan speed control</td>rn		</tr>rn		<tr>rn			<td>BIOS:</td>rn			<td>1 x 256 Mbit flash Use of licensed AMI UEFI BIOS PnP 1.0a, DMI 2.7, WfM 2.0, SM BIOS 2.7, ACPI 5.0</td>rn		</tr>rn		<tr>rn			<td>rn			<p>&nbsp;</p>rnrn			<p>T&iacute;nh năng duy nhất:</p>rn			</td>rn			<td>Support for APP Center * Available applications in APP Center may vary by motherboard model. Supported functions of each application may also vary depending on motherboard specifications. @BIOS EasyTune Fast Boot Game Boost ON/OFF Charge RGB Fusion Smart Backup System Information Viewer Support for Q-Flash Plus Support for Q-Flash Support for Xpress Install</td>rn		</tr>rn		<tr>rn			<td>G&oacute;i phần mềm:</td>rn			<td>Norton&reg; Internet Security (OEM version) Realtek&reg; 8125 Gaming LAN Bandwidth Control Utility</td>rn		</tr>rn		<tr>rn			<td>Hệ điều h&agrave;nh:</td>rn			<td>Support for&nbsp;<a href="https://gearvn.com/collections/windows-10-pro" title="Windows 10 64-bit">Windows 10 64-bit</a></td>rn		</tr>rn		<tr>rn			<td>Hệ số khu&ocirc;n:</td>rn			<td>rn			<p>ATX Form Factor</p>rnrn			<p>30.5cm x 24.4cm</p>rn			</td>rn		</tr>rn		<tr>rn			<td>Lưu &yacute;:</td>rn			<td>Supported by 11th Generation processors only.</td>rn		</tr>rn	</tbody>rn</table>rnrn<h2>Đ&aacute;nh gi&aacute; chi tiết&nbsp;Mainboard&nbsp;GIGABYTE Z590 UD (rev. 1.0)</h2>rnrn<p>GIGABYTE Z590 UD (rev. 1.0) l&agrave; một trong những d&ograve;ng motherboard mới nhất mang đến nguồn năng lượng v&agrave; hiệu quả cao hơn cho CPU với hiệu suất tốt nhất. Đảm bảo được sự ổn định dưới tần số cao v&agrave; tải nặng.&nbsp;</p>rnrn<p><img src="https://file.hstatic.net/1000026716/file/gearvn-gigabyte-z590-ud-rev-1-0_b7d7e7f2e34748ddabaa682af156f53f.png" style="height:800px; width:800px" /></p>rnrn<p>&nbsp;</p>rnrn<p>&nbsp;</p>rnrn<p>GIGABYTE Z590 UD sử dụng chipset&nbsp;Intel&nbsp;<a href="https://gearvn.com/collections/mainboard-z590" title="Z590">Z590</a>&nbsp;Express hỗ trợ v&agrave; n&acirc;ng cấp mang đến&nbsp;nhiều ưu điểm khi tăng gấp đ&ocirc;i băng th&ocirc;ng cho CPU, cho ph&eacute;p hỗ trợ nhiều th&agrave;nh phần phần cứng hơn để tận dụng tối đa hiệu năng.&nbsp;</p>rnrn<p><img src="https://file.hstatic.net/1000026716/file/gearvn-gigabyte-z590-ud-rev-1-0-1_49dff0922e1c4aa6816277e0ed3fed83.png" style="height:767px; width:635px" /></p>rnrn<p>GIGABYTE cung cấp giải ph&aacute;p tản nhiệt cho c&aacute;c thiết bị&nbsp;<a href="https://gearvn.com/collections/ssd-o-cung-the-ran" title="SSD">SSD</a>&nbsp;M.2&nbsp;ngăn chặn việc điều tiết v&agrave; tắc nghẽn.&nbsp;Smart Fan 6 với t&iacute;nh năng l&agrave;m m&aacute;t độc đ&aacute;o đảm bảo&nbsp;<a href="https://gearvn.com/pages/pc-gvn" title="PC gaming">PC gaming</a>&nbsp;v&agrave; duy tr&igrave; hiệu suất hoạt động.&nbsp;Nhiều đầu cắm quạt c&oacute; thể hỗ trợ quạt v&agrave; m&aacute;y bơm PWM / DC.</p>rnrn<p><img src="https://file.hstatic.net/1000026716/file/gearvn-gigabyte-z590-ud-rev-1-0-2_de09af9ca4b4450c97791466f7ece10f.png" style="height:693px; width:693px" /></p>rnrn<p>RGB Fusion 2.0 cung cấp cho người d&ugrave;ng t&ugrave;y chọn để điều khiển dải đ&egrave;n RGB tr&ecirc;n bo mạch v&agrave; đ&egrave;n LED. Người d&ugrave;ng c&oacute; thể t&ugrave;y chỉnh hệ thống LED để đồng bộ với to&agrave;n bộ hệ thống PC th&ocirc;ng qua phần mềm một c&aacute;ch nhanh ch&oacute;ng v&agrave; tiện lợi với nhiều chế độ LED kh&aacute;c nhau.</p>rn', 0, 90, 0, 0, '2021-06-23 05:08:51', '2021-06-23 05:08:51');
INSERT INTO public.products (id, proname, proslug, procategoryid, proprice, proauthorid, prosale, proactive, prohot, proview, prodescription, proavatar, prodescriptionseo, prokeywordseo, protitleseo, procontent, propay, pronumber, prototalrating, prototalnumber, createdat, updatedat) VALUES (21, 'MSI Z590 PRO WIFI', 'msi-z590-pro-wifi', 10, 4990000, 1, 15, 1, 1, 0, 'Thông tin chung:rnrnHãng sản xuất: MSIrnBảo hành: 36 Tháng', 'msi-z590_pro_wifi-box_c17df5c6dc2047b9b28a318c2e73bc35.png', 'MSI Z590 PRO WIFI', NULL, 'MSI Z590 PRO WIFI', '<h2>Bo mạch chủ&nbsp;MSI Z590 PRO WIFI</h2>rnrn<p><strong>Th&ocirc;ng số kỹ thuật</strong></p>rnrn<table border="1" cellpadding="3" cellspacing="0" id="tblGeneralAttribute">rn	<tbody>rn		<tr>rn			<td>CPU (MAX SUPPORT)</td>rn			<td>i9</td>rn		</tr>rn		<tr>rn			<td>SOCKET</td>rn			<td>1200</td>rn		</tr>rn		<tr>rn			<td>CHIPSET</td>rn			<td>Intel&reg; Z590 Chipset</td>rn		</tr>rn		<tr>rn			<td>DDR4 MEMORY</td>rn			<td>5333(OC) / 5200(OC) / 5000(OC)/ 4800(OC)/ 4600(OC)/ 4533(OC)/ 4400(OC)/ 4300(OC)/ 4266(OC)/ 4200(OC)/ 4133(OC)/ 4000(OC)/ 3866(OC)/ 3733(OC)/ 3600(OC)/ 3466(OC)/ 3400(OC)/ 3333(OC)/ 3300(OC)/ 3200(OC)/ 3000(OC)/ 2933(JEDEC)/ 2666(JEDEC)/ 2400(JEDEC)/ 2133(JEDEC) MHz</td>rn		</tr>rn		<tr>rn			<td>MEMORY CHANNEL</td>rn			<td>Dual</td>rn		</tr>rn		<tr>rn			<td>DIMM SLOTS</td>rn			<td>4</td>rn		</tr>rn		<tr>rn			<td>MAX MEMORY (GB)</td>rn			<td>128</td>rn		</tr>rn		<tr>rn			<td>PCI-E X16</td>rn			<td>2</td>rn		</tr>rn		<tr>rn			<td>PCI-E GEN</td>rn			<td>Gen4</td>rn		</tr>rn		<tr>rn			<td>PCI-E X1</td>rn			<td>2</td>rn		</tr>rn		<tr>rn			<td>SATAIII</td>rn			<td>6</td>rn		</tr>rn		<tr>rn			<td>M.2 SLOT</td>rn			<td>3</td>rn		</tr>rn		<tr>rn			<td>RAID</td>rn			<td>0/1/5/10</td>rn		</tr>rn		<tr>rn			<td>TPM (HEADER)</td>rn			<td>1</td>rn		</tr>rn		<tr>rn			<td>LAN</td>rn			<td>1x Intel&reg; I225-V 2.5Gbps LAN</td>rn		</tr>rn		<tr>rn			<td>WIFI &amp; BLUETOOTH</td>rn			<td>Intel&reg; Wi-Fi 6E AX210</td>rn		</tr>rn		<tr>rn			<td>USB 3.2 PORTS (FRONT)</td>rn			<td>1(Gen 2, Type C), 4(Gen 1, Type A)</td>rn		</tr>rn		<tr>rn			<td>USB 3.2 PORTS (REAR)</td>rn			<td>1(Gen 2x2, Type C), 1(Gen 2, Type A), 2(Gen 1, Type A)</td>rn		</tr>rn		<tr>rn			<td>USB 2.0 PORTS (FRONT)</td>rn			<td>4</td>rn		</tr>rn		<tr>rn			<td>USB 2.0 PORTS (REAR)</td>rn			<td>4</td>rn		</tr>rn		<tr>rn			<td>SERIAL PORTS(FRONT)</td>rn			<td>1</td>rn		</tr>rn		<tr>rn			<td>AUDIO PORTS (REAR)</td>rn			<td>Realtek&reg; ALC897 Codec</td>rn		</tr>rn		<tr>rn			<td>DISPLAYPORT</td>rn			<td>1</td>rn		</tr>rn		<tr>rn			<td>HDMI</td>rn			<td>1</td>rn		</tr>rn		<tr>rn			<td>DIRECTX</td>rn			<td>12</td>rn		</tr>rn		<tr>rn			<td>FORM FACTOR</td>rn			<td>ATX</td>rn		</tr>rn		<tr>rn			<td>CROSSFIRE</td>rn			<td>Y</td>rn		</tr>rn		<tr>rn			<td>OPERATING SYSTEM</td>rn			<td>Support for Windows&reg; 10 64-bit</td>rn		</tr>rn	</tbody>rn</table>rnrn<h2>Đ&aacute;nh gi&aacute; chi tiết bo mạch chủ&nbsp;MSI Z590 PRO WIFI</h2>rnrn<p><a href="https://gearvn.com/collections/mainboard-bo-mach-chu">Bo mạch chủ</a>&nbsp;MSI Z590 PRO WIFI l&agrave; d&ograve;ng PRO gi&uacute;p người sử dụng c&oacute; được trải nghiệm hiệu quả v&agrave; năng suất cao hơn. Kh&ocirc;ng chỉ c&oacute; thể d&ograve;ng mainboard n&agrave;y c&ograve;n c&oacute; độ bền cao gi&uacute;p tăng cường tuổi thọ của thiết bị cũng như c&aacute;c linh kiện kh&aacute;c.</p>rnrn<p><img alt="Bo mạch chủ MSI Z590 PRO WIFI" src="https://file.hstatic.net/1000026716/file/msi-z590-pro-wifi_e0b88ef72cb74e8ab577ec0170db1ad1.jpg" /></p>rnrn<h3><strong>Tốc độ truyền tải cao</strong></h3>rnrn<ul>rn	<li><strong>&nbsp;- Giải ph&aacute;p mạng 2.5G:</strong>&nbsp;Với mạng LAN 2.5G cao cấp mang lại trỉa nghiệm mạng tốt hơn</li>rn	<li><strong>&nbsp;- Lightning USB 20G:</strong>&nbsp;Cổng USB 3.2 Gen 2x2 t&iacute;nh hợp, cung cấp tốc độ truyền 20Gbps, nhanh hơn 4 lần so với USB 3.2 Gen 1</li>rn	<li><strong>&nbsp;- Intel Wifi 6E:</strong>&nbsp;Giải ph&aacute;p kh&ocirc;ng d&acirc;y mới nhất hỗ trợ MU-MIMO v&agrave; c&ocirc;ng nghệ m&agrave;u BSS, mang lại tốc độ l&ecirc;n đến 2400Mbps</li>rn	<li><strong>&nbsp;- Tăng tốc DDR4:</strong>&nbsp;Mạch DDR được c&aacute;ch ly ho&agrave;n to&agrave;n để cung cấp tin hiệu dữ liệu thuần t&uacute;y cho hiệu năng &eacute;p xung v&agrave; chơi game tốt nhất</li>rn	<li><strong>&nbsp;- Giải ph&aacute;p Lightning Gen 4:</strong>&nbsp;Giải ph&aacute;p Gen 5 PCI-E v&agrave; M.2 mới nhất với bằng th&ocirc;ng l&ecirc;n đến 64GB / s cho tốc độ truyền tối đa</li>rn</ul>rnrn<p><img alt="Bo mạch chủ MSI Z590 PRO WIFI" src="https://file.hstatic.net/1000026716/file/msi-z590-pro-wifi-1_006e792bc1584be39e17bbb167a52e7b.jpg" /></p>rnrn<h3><strong>T&iacute;nh năng độc quyền</strong></h3>rnrn<ul>rn	<li><strong>&nbsp;- C&ocirc;ng nghệ Core Boost:</strong>&nbsp;Kết hợp c&aacute;c đầu nối nguồn 8 + 5 ch&acirc;n v&agrave; thiết kế bố cục cao cấp, sẵn s&agrave;ng để giải ph&oacute;ng hiệu suất tối đa</li>rn	<li><strong>&nbsp;- PCB 6 lớp với đồng d&agrave;y 2oz:</strong>&nbsp;PCB 6 lớp với đồng d&agrave;y 2oz mang lại hiệu suất cao hơn v&agrave; hệ thống ổn định l&acirc;u d&agrave;i m&agrave; kh&ocirc;ng c&oacute; bất kỳ sự thỏa hiệp n&agrave;o</li>rn	<li><strong>&nbsp;- PWN kỹ thuật số:</strong>&nbsp;IC nguồn kỹ thuật linh kiện chất lượng cao nhất đảm bảo hệ thống của bạn chạy trơn tru trong những điều kiện khắc nghiệt nhất</li>rn	<li><strong>&nbsp;- Gi&aacute;p th&eacute;p PCI-E:</strong>&nbsp;Bảo vệ card VGA khỏi bị bẻ cong v&agrave; EMI để c&oacute; hiệu suất độ ổn định v&agrave; sức mạnh tốt hơn</li>rn</ul>rnrn<p><img alt="Bo mạch chủ MSI Z590 PRO WIFI" src="https://file.hstatic.net/1000026716/file/msi-z590-pro-wifi-2_3c25a8158f844faab927082846c70ca3.jpg" /></p>rnrn<h3><strong>Giải ph&aacute;p tản nhiệt cao cấp</strong></h3>rnrn<ul>rn	<li><strong>&nbsp;- Tản nhiệt mở rộng:</strong>&nbsp;MSI mở rộng PWM v&agrave; thiết kế mạch n&acirc;ng cao đảm bảo cho c&aacute;c bộ vi xử l&yacute; cao cấp chạy với tốc độ tối đa</li>rn	<li><strong>&nbsp;- M.2 Shield Frozr:</strong>&nbsp;Tăng cường giải ph&aacute;p tản nhiệt M.2 t&iacute;ch hợp. Giữ an to&agrave;n cho ổ&nbsp;<a href="https://gearvn.com/collections/ssd-o-cung-the-ran">SSD</a>&nbsp;M.2 đồng thời gi&uacute;p ch&uacute;ng chạy nhanh hơn</li>rn	<li><strong>&nbsp;- Hỗ trợ m&aacute;y bơm:</strong>&nbsp;Kiểm so&aacute;t tốc độ m&aacute;y bơm l&agrave;m m&aacute;t nước để kiểm so&aacute;t d&ograve;ng chảy v&agrave; tiếng ồn tốt nhất</li>rn</ul>rnrn<p>L&agrave; một trong những sản phẩm mới nhất của&nbsp;<a href="https://gearvn.com/collections/mainboard-z590">Mainboard Z590</a>&nbsp;vậy n&ecirc;n chất lượng v&agrave; hiệu suất m&agrave; chiếc mainboard n&agrave;y mang lại v&ocirc; c&ugrave;ng lớn. Đ&acirc;y chắc chắn sẽ l&agrave; mẫu sản phẩm l&agrave;m mưa l&agrave;m gi&oacute; tr&ecirc;n thị trường năm 2021.</p>rn', 0, 90, 0, 0, '2021-06-23 05:09:11', '2021-06-23 05:09:11');
INSERT INTO public.products (id, proname, proslug, procategoryid, proprice, proauthorid, prosale, proactive, prohot, proview, prodescription, proavatar, prodescriptionseo, prokeywordseo, protitleseo, procontent, propay, pronumber, prototalrating, prototalnumber, createdat, updatedat) VALUES (23, 'Mainboard ASROCK B460M Pro4', 'mainboard-asrock-b460m-pro4', 10, 2499000, 1, 10, 1, 1, 0, 'Socket: Socket 1200 hỗ trợ CPU intel thế hệ 10rnKích thước: m-ATXrnKhe cắm RAM: 4 khe (Tối đa 128GB)', 'gearvn-rog-strix-trx40-e-gaming-9-999_7430f6175bf84828aee2a4a99afe6090.jpg', 'Mainboard ASROCK B460M Pro4', NULL, 'Mainboard ASROCK B460M Pro4', '<p>9 thiết kế pha điện với c&aacute;c th&agrave;nh phần mạnh mẽ v&agrave; cung cấp năng lượng ho&agrave;n to&agrave;n trơn tru cho CPU.&nbsp;Cung cấp khả năng &eacute;p xung v&ocirc; song v&agrave; hiệu năng n&acirc;ng cao với nhiệt độ thấp nhất cho c&aacute;c game thủ cao cấp.</p>rnrn<p>Cuộn cảm 50A cao cấp của ASRock c&oacute; hiệu quả l&agrave;m cho d&ograve;ng b&atilde;o h&ograve;a tốt hơn đến ba lần, do đ&oacute; cung cấp điện &aacute;p Vcore cải tiến v&agrave; cải tiến cho bo mạch chủ.</p>rnrn<p>&nbsp; &nbsp; &nbsp; &nbsp; &nbsp; &nbsp; &nbsp;&nbsp;<img alt="" src="https://www.asrock.com/mb/features/PowerPhase950A-B460%20Pro4.jpg" style="height:231px; width:493px" /></p>rnrn<p>ASRock cung cấp một điều khiển rất to&agrave;n diện để thực hiện c&aacute;c đ&egrave;n LED RGB t&iacute;ch hợp hoặc c&aacute;c dải đ&egrave;n LED được kết nối, quạt CPU, bộ l&agrave;m m&aacute;t, khung gầm v&agrave; bất kỳ thiết bị RGB n&agrave;o.&nbsp;C&aacute;c thiết bị cũng c&oacute; thể được đồng bộ h&oacute;a tr&ecirc;n c&aacute;c&nbsp;phụ kiện&nbsp;được chứng nhận Polychrom RGB Sync&nbsp;.</p>rnrn<p>&nbsp; &nbsp; &nbsp; &nbsp; &nbsp; &nbsp; &nbsp; &nbsp;<img alt="" src="https://www.anphatpc.com.vn/media/product/32981_b460m_pro4_l4_.png" style="height:463px; width:556px" /></p>rnrn<p>Intel&nbsp;<sup>&reg;</sup>&nbsp;LAN cung cấp hiệu suất th&ocirc;ng lượng tốt nhất, sử dụng CPU thấp hơn, tăng cường độ ổn định v&agrave; c&oacute; thể mang lại trải nghiệm mạng tối ưu&nbsp;</p>rnrn<p><img alt="" src="https://www.asrock.com/mb/features/LANx1-Intel.jpg" style="height:171px; width:548px" /></p>rnrn<p>Bảo vệ SSD M.2 tốt rất quan trọng đối với tuổi thọ v&agrave; độ ổn định.&nbsp;ASRock cung cấp giải ph&aacute;p &aacute;o gi&aacute;p M.2 ho&agrave;n chỉnh gi&uacute;p SSD chạy ở nhiệt độ thấp nhất định.</p>rnrn<p>&nbsp;<img alt="" src="https://www.asrock.com/mb/features/DualM2-SSD-B460%20Pro4.jpg" style="height:268px; width:396px" /></p>rnrn<p>&nbsp;</p>rnrn<p>Khe cắm th&eacute;p PCI-E ti&ecirc;n tiến được đ&oacute;ng g&oacute;i với vỏ bọc chắc chắn ngăn chặn mọi nhiễu t&iacute;n hiệu với card đồ họa.&nbsp;</p>rnrn<p>B&ecirc;n cạnh cổng LAN tr&ecirc;n bo mạch, người d&ugrave;ng cũng c&oacute; thể chọn kết nối kh&ocirc;ng d&acirc;y 802.11ac theo khe M.2 (Kh&oacute;a E).<img alt="" src="https://www.asrock.com/mb/features/M.2%20Key%20For%20WiFi.jpg" style="height:179px; width:528px" /></p>rn', 0, 90, 0, 0, '2021-06-23 06:06:28', NULL);
INSERT INTO public.products (id, proname, proslug, procategoryid, proprice, proauthorid, prosale, proactive, prohot, proview, prodescription, proavatar, prodescriptionseo, prokeywordseo, protitleseo, procontent, propay, pronumber, prototalrating, prototalnumber, createdat, updatedat) VALUES (25, 'Intel Core i5 11400F / 12MB / 2.6GHZ / 6 nhân 12 luồng / LGA 1200', 'intel-core-i5-11400f-12mb-2-6ghz-6-nhan-12-luong-lga-1200', 11, 5590000, 1, 10, 1, 1, 0, 'Hãng sản xuất: IntelrnBảo hành: 36 Tháng', 'intel-core_800x450.jpg', 'Intel Core i5 11400F / 12MB / 2.6GHZ / 6 nhân 12 luồng / LGA 1200', NULL, 'Intel Core i5 11400F / 12MB / 2.6GHZ / 6 nhân 12 luồng / LGA 1200', '<h2>ntel Core i5-11400F / 12MB / 2.6GHZ / 6 nh&acirc;n 12 luồng / LGA 1200</h2>rnrn<p><strong>Th&ocirc;ng số kỹ thuật</strong></p>rnrn<table border="1" cellpadding="3" cellspacing="0" id="tblGeneralAttribute">rn	<tbody>rn		<tr>rn			<td>H&atilde;ng sản xuất</td>rn			<td>Intel</td>rn		</tr>rn		<tr>rn			<td>Socket</td>rn			<td>FCLGA1200</td>rn		</tr>rn		<tr>rn			<td>D&ograve;ng CPU</td>rn			<td>Core i5</td>rn		</tr>rn		<tr>rn			<td><a href="https://gearvn.com/collections/cpu-bo-vi-xu-ly" title="CPU">CPU</a></td>rn			<td>Intel&reg; Core&reg; i5-11400F (Rocket Lake) no GPU</td>rn		</tr>rn		<tr>rn			<td>Số nh&acirc;n</td>rn			<td>6</td>rn		</tr>rn		<tr>rn			<td>Số luồng</td>rn			<td>12</td>rn		</tr>rn		<tr>rn			<td>Tốc độ xử l&yacute;</td>rn			<td>2.60 GHz</td>rn		</tr>rn		<tr>rn			<td>Tốc độ&nbsp;xử l&yacute; tối đa</td>rn			<td>4.40 GHz</td>rn		</tr>rn		<tr>rn			<td>Điện năng ti&ecirc;u thụ</td>rn			<td>65 W</td>rn		</tr>rn		<tr>rn			<td>C&ocirc;ng nghệ CPU</td>rn			<td>14 nm</td>rn		</tr>rn		<tr>rn			<td>Bộ nhớ đệm</td>rn			<td>12 MB Intel&reg; Smart Cache</td>rn		</tr>rn		<tr>rn			<td>Bộ nhớ hổ trợ tối đa</td>rn			<td>128 GB</td>rn		</tr>rn		<tr>rn			<td>Loại bộ nhớ</td>rn			<td>DDR4-3200</td>rn		</tr>rn	</tbody>rn</table>rnrn<h2><strong>Đ&aacute;nh gi&aacute; chi tiết CPU Intel Core i5-11400F</strong></h2>rnrn<h3><strong>Th&ocirc;ng số kỹ thuật tuyệt vời cho gaming</strong></h3>rnrn<p><strong>CPU Intel Core i5-11400F</strong>&nbsp;l&agrave;&nbsp;<a href="https://gearvn.com/collections/cpu-bo-vi-xu-ly" title="bộ vi xử lý">bộ vi xử l&yacute;</a>&nbsp;thuộc thế hệ 11 từ nh&agrave; Intel. Được sản xuất dựa tr&ecirc;n tiến tr&igrave;nh 14nm v&agrave; sở hữu cho m&igrave;nh 6 nh&acirc;n 12 luồng cho khả năng xử l&yacute; nhiều t&aacute;c vụ mạnh mẽ trong c&ugrave;ng thời điểm. C&ugrave;ng xung nhịp cơ bản đạt 2.60 GHz v&agrave; turbo boost l&ecirc;n đến 4.40 GHz cho i5-11400F tốc độ c&ugrave;ng hiệu suất xử l&yacute; nhanh ch&oacute;ng, cho d&ugrave; đ&oacute; l&agrave; render video hay chơi game.</p>rnrn<p><img alt="GEARVN.COM - CPU Intel Core i5-11400F" src="https://file.hstatic.net/1000026716/file/gearvn-cpu-intel-core-i5-11400f-03_9790c226d2774b12904c7bf1f1ca5add.jpg" /></p>rnrn<h3><strong>Mức ti&ecirc;u thụ điện thấp gi&uacute;p tiết kiệm</strong></h3>rnrn<p>Intel cho i5-11400F trang bị một mức ti&ecirc;u thụ điện năng kh&aacute; thấp, 65 W. Đi k&egrave;m l&agrave; chiếc quạt tản nhiệt,&nbsp;<a href="https://gearvn.com/products/intel-core-i5-11400f" title="CPU Intel Core i5-11400F">CPU Intel Core i5-11400F</a>&nbsp;vừa c&oacute; khả năng tiết kiệm chi ph&iacute; về điện c&ugrave;ng phần l&agrave;m m&aacute;t. Tuy nhi&ecirc;n bạn vẫn n&ecirc;n c&acirc;n nhắc về việc trang bị th&ecirc;m những&nbsp;<a href="https://gearvn.com/collections/tan-nhiet-may-tinh" title="quạt tản nhiệt">quạt tản nhiệt</a>&nbsp;để hỗ trợ cho khả năng tản nhiệt tốt nhất c&oacute; thể.</p>rnrn<p><img alt="GEARVN.COM - CPU Intel Core i5-11400F" src="https://file.hstatic.net/1000026716/file/gearvn-cpu-intel-core-i5-11400f-01_fd05a5e77de04f6dadd5fc3fad203ba8.jpg" /></p>rnrn<h3><strong>Băng th&ocirc;ng RAM lớn hỗ trợ &eacute;p xung</strong></h3>rnrn<p>CPU Intel Core i5-11400F được trang bị mức RAM được hỗ trợ tăng khoảng 20% từ 2666 MHz l&ecirc;n 3200 MHz khi chạy ở mức mặc định.&nbsp;<a href="https://gearvn.com/collections/cpu-11th-gen" title="CPU Gen 11">CPU Gen 11</a>&nbsp;được trang bị khả năng &eacute;p xung tr&ecirc;n tất cả mainboard sử dụng chipset 500 series như mainboard B560, chưa cần đến&nbsp;<a href="https://gearvn.com/collections/mainboard-z590" title="Z590">Z590</a>.</p>rnrn<p><img alt="GEARVN.COM - CPU Intel Core i5-11400F" src="https://file.hstatic.net/1000026716/file/gearvn-cpu-intel-core-i5-11400f-02_77cbbb6c7b324208aa2f781bae2f912d.jpg" /></p>rn', 0, 80, 0, 0, '2021-06-23 06:19:35', '2021-08-03 06:07:11');
INSERT INTO public.products (id, proname, proslug, procategoryid, proprice, proauthorid, prosale, proactive, prohot, proview, prodescription, proavatar, prodescriptionseo, prokeywordseo, protitleseo, procontent, propay, pronumber, prototalrating, prototalnumber, createdat, updatedat) VALUES (8, 'Intel Pentium G6400 / 4MB / 4.0GHz / 2 Nhân 4 Luồng / LGA 1200', 'intel-pentium-g6400-4mb-4-0ghz-2-nhan-4-luong-lga-1200', 11, 1690000, 1, 0, 1, 1, 0, 'Hãng sản xuất: INTELrnrnTình trạng: Mới và Fullbox 100%rnrnBảo hành: 36 tháng', 'intel-pentium-gold-g5420-gearvn_grande_ae70249cf9d74102874227b427ce3a53.jpg', 'Intel Pentium G6400 / 4MB / 4.0GHz / 2 Nhân 4 Luồng / LGA 1200', NULL, 'Intel Pentium G6400 / 4MB / 4.0GHz / 2 Nhân 4 Luồng / LGA 1200', '', 5, 35, 0, 0, '2021-08-05 18:34:57', '2021-08-05 18:34:57');
INSERT INTO public.products (id, proname, proslug, procategoryid, proprice, proauthorid, prosale, proactive, prohot, proview, prodescription, proavatar, prodescriptionseo, prokeywordseo, protitleseo, procontent, propay, pronumber, prototalrating, prototalnumber, createdat, updatedat) VALUES (9, 'Intel Core i3 10100 / 6MB / 4.3GHz / 4 Nhân 8 Luồng / LGA 1200', 'intel-core-i3-10100-6mb-4-3ghz-4-nhan-8-luong-lga-1200', 11, 3790000, 1, 5, 1, 1, 0, 'Hãng sản xuất: INTELrnrnTình trạng: Mới và Fullbox 100%rnrnBảo hành: 36 tháng', '10400f_71634928fe5b44f1a956f0e652e65d59.jpg', 'Intel Core i3 10100 / 6MB / 4.3GHz / 4 Nhân 8 Luồng / LGA 1200', NULL, 'Intel Core i3 10100 / 6MB / 4.3GHz / 4 Nhân 8 Luồng / LGA 1200', '<h2>Intel Core i3 10100 / 6MB / 3.6GHz / 4 Nh&acirc;n 8 Luồng / LGA 1200</h2>

<p>rnrn</p>

<ul>
	<li>rn</li>
	<li>Product Collection10th Generation Intel&reg; Core&trade; i3 Processors</li>
	<li>rn</li>
	<li>Code NameProducts formerly Comet Lake</li>
	<li>rn</li>
	<li>Vertical SegmentDesktop</li>
	<li>rn</li>
	<li>Processor Numberi3-10100</li>
	<li>rn</li>
	<li>StatusLaunched</li>
	<li>rn</li>
	<li>Launch DateQ2&#39;20</li>
	<li>rn</li>
	<li>Lithography14 nm</li>
	<li>rn</li>
	<li>Use ConditionsPC/Client/Tablet</li>
	<li>rn</li>
	<li>Recommended Customer Price$122.00</li>
	<li>rn</li>
</ul>

<p>rn</p>
', 13, 35, 0, 0, '2021-05-07 04:29:14', '2021-08-04 19:25:20');


--
-- TOC entry 3363 (class 0 OID 16778)
-- Dependencies: 220
-- Data for Name: transactions; Type: TABLE DATA; Schema: public; Owner: postgres
--

INSERT INTO public.transactions (id, truserid, trtotal, trnote, traddress, trphone, trstatus, trpayment, createdat, updatedat) VALUES (74, 5, 3600500, NULL, '47 đường 783 tạ quang bửu p4', '0981805990', 1, 1, '2021-06-13 09:31:28', '2021-08-03 06:08:27');
INSERT INTO public.transactions (id, truserid, trtotal, trnote, traddress, trphone, trstatus, trpayment, createdat, updatedat) VALUES (122, 5, 3600500, NULL, '47 đường 783 tạ quang bửu p4a', '0981805990', 1, 1, '2021-08-03 06:01:17', '2021-08-03 06:13:03');
INSERT INTO public.transactions (id, truserid, trtotal, trnote, traddress, trphone, trstatus, trpayment, createdat, updatedat) VALUES (123, 5, 3600500, NULL, '47 đường 783 tạ quang bửu p4', '0981805990', 1, 1, '2021-08-04 19:21:20', '2021-08-04 19:25:23');
INSERT INTO public.transactions (id, truserid, trtotal, trnote, traddress, trphone, trstatus, trpayment, createdat, updatedat) VALUES (126, 5, 3996100, NULL, '47 đường 783 tạ quang bửu p4', '0981805990', 1, 1, '2021-08-05 05:52:40', '2021-08-05 05:53:05');
INSERT INTO public.transactions (id, truserid, trtotal, trnote, traddress, trphone, trstatus, trpayment, createdat, updatedat) VALUES (127, 5, 1690000, NULL, '47 đường 783 tạ quang bửu p4', '0981805990', 2, 1, '2021-08-05 18:46:30', '2021-08-05 18:46:30');
INSERT INTO public.transactions (id, truserid, trtotal, trnote, traddress, trphone, trstatus, trpayment, createdat, updatedat) VALUES (128, 5, 24980000, NULL, '47 đường 783 tạ quang bửu p4', '0981805990', 1, 1, '2021-08-05 19:32:42', '2021-08-05 19:34:59');


--
-- TOC entry 3357 (class 0 OID 16709)
-- Dependencies: 214
-- Data for Name: orders; Type: TABLE DATA; Schema: public; Owner: postgres
--

INSERT INTO public.orders (id, ortransactionid, orproductid, orqty, orprice, orsale, createdat, updatedat) VALUES (76, 74, 9, 1, 3790000, 5, NULL, NULL);
INSERT INTO public.orders (id, ortransactionid, orproductid, orqty, orprice, orsale, createdat, updatedat) VALUES (81, 122, 9, 1, 3790000, 5, NULL, NULL);
INSERT INTO public.orders (id, ortransactionid, orproductid, orqty, orprice, orsale, createdat, updatedat) VALUES (100, 123, 9, 1, 3790000, 5, NULL, NULL);
INSERT INTO public.orders (id, ortransactionid, orproductid, orqty, orprice, orsale, createdat, updatedat) VALUES (103, 126, 10, 1, 4490000, 11, NULL, NULL);
INSERT INTO public.orders (id, ortransactionid, orproductid, orqty, orprice, orsale, createdat, updatedat) VALUES (104, 127, 8, 1, 1690000, 0, NULL, NULL);
INSERT INTO public.orders (id, ortransactionid, orproductid, orqty, orprice, orsale, createdat, updatedat) VALUES (105, 128, 17, 2, 12490000, 0, NULL, NULL);


--
-- TOC entry 3365 (class 0 OID 16796)
-- Dependencies: 222
-- Data for Name: users; Type: TABLE DATA; Schema: public; Owner: postgres
--

INSERT INTO public.users (id, name, email, phone, avatar, active, password, remember_token, total_pay, address, provider, provider_id, created_at, updated_at) VALUES (4, 'nhi thieu phan', 'phangiatamthieu@gmail.com', NULL, NULL, 1, ' ', NULL, 0, NULL, 'google', '109759817659695674665', '2021-05-31 07:21:02', '2021-05-31 07:21:02');
INSERT INTO public.users (id, name, email, phone, avatar, active, password, remember_token, total_pay, address, provider, provider_id, created_at, updated_at) VALUES (5, 'Phan Quoc Phu', 'phanquocphu1998@gmail.com', '0981805990                                                                                                                                                                                     ', NULL, 1, '$2y$10$hPNkoNKdtrnf.2lUC72Lk.1aqW5Tl6sNSfp/QUYIxEvK7HVLG1L/.', NULL, 3, '47 đường 783 tạ quang bửu p4', 'google', '105984671964004971167', '2021-05-31 20:03:26', '2021-06-01 20:14:05');
INSERT INTO public.users (id, name, email, phone, avatar, active, password, remember_token, total_pay, address, provider, provider_id, created_at, updated_at) VALUES (6, 'Phan Quoc Phu', '16110180@student.hcmute.edu.vn', NULL, NULL, 1, ' ', NULL, 0, NULL, 'google', '114615243600740308299', '2021-06-05 00:01:04', '2021-06-05 00:01:04');
INSERT INTO public.users (id, name, email, phone, avatar, active, password, remember_token, total_pay, address, provider, provider_id, created_at, updated_at) VALUES (7, 'dai thieu phan', 'phangianhithieu@gmail.com', NULL, NULL, 1, ' ', NULL, 0, NULL, 'google', '108601473002403733010', '2021-06-07 03:17:22', '2021-06-07 03:17:22');
INSERT INTO public.users (id, name, email, phone, avatar, active, password, remember_token, total_pay, address, provider, provider_id, created_at, updated_at) VALUES (13, 'Kiri Gaya', 'phanquocphu93@gmail.com', NULL, NULL, 1, ' ', NULL, 0, NULL, 'google', '100245910797596861093', '2021-06-13 19:17:32', '2021-06-13 19:17:32');
INSERT INTO public.users (id, name, email, phone, avatar, active, password, remember_token, total_pay, address, provider, provider_id, created_at, updated_at) VALUES (15, 'Phan Trần Nguyên Phúc', 'phanquocphu19988@gmail.com', '0981805990                                                                                                                                                                                     ', NULL, 1, '$2y$10$zXqyB5JtituO9deSa5WndOQMRjSoua8KWXIerAMAvvl16I0G9BESy', NULL, 0, NULL, NULL, NULL, '2021-06-15 21:05:29', '2021-06-15 21:05:29');


--
-- TOC entry 3359 (class 0 OID 16723)
-- Dependencies: 216
-- Data for Name: payments; Type: TABLE DATA; Schema: public; Owner: postgres
--

INSERT INTO public.payments (id, ptransactionid, puserid, pmoney, pnote, pvnpresponsecode, pcodevnp, pcodebank, ptime, ptransactioncode, created_at, updatedat) VALUES (7, 74, 5, 3600500, 'Noi dung thanh toan', '00', '13523265', 'NCB', '2021-06-13 23:32:00', 'bj0Lb5bmCRAZORx', NULL, NULL);
INSERT INTO public.payments (id, ptransactionid, puserid, pmoney, pnote, pvnpresponsecode, pcodevnp, pcodebank, ptime, ptransactioncode, created_at, updatedat) VALUES (9, 122, 5, 3600500, 'Thanh toán đơn hàng', '00', '13557406', 'NCB', '2021-08-03 20:01:00', '8pCcNLXLpo3tPiM', NULL, NULL);
INSERT INTO public.payments (id, ptransactionid, puserid, pmoney, pnote, pvnpresponsecode, pcodevnp, pcodebank, ptime, ptransactioncode, created_at, updatedat) VALUES (10, 123, 5, 3600500, 'Thanh toán đơn hàng', '00', '13558287', 'NCB', '2021-08-05 09:21:00', 'I5mqVdU2n6Z2yBu', NULL, NULL);
INSERT INTO public.payments (id, ptransactionid, puserid, pmoney, pnote, pvnpresponsecode, pcodevnp, pcodebank, ptime, ptransactioncode, created_at, updatedat) VALUES (12, 126, 5, 3996100, 'Thanh toán đơn hàng', '00', '13558876', 'NCB', '2021-08-05 19:52:00', 'PTFkeRzp5P6LeTB', NULL, NULL);
INSERT INTO public.payments (id, ptransactionid, puserid, pmoney, pnote, pvnpresponsecode, pcodevnp, pcodebank, ptime, ptransactioncode, created_at, updatedat) VALUES (13, 127, 5, 1690000, 'Thanh toán đơn hàng', '00', '13558987', 'NCB', '2021-08-06 08:46:00', 'WO5rp82i4AwfpEe', NULL, NULL);
INSERT INTO public.payments (id, ptransactionid, puserid, pmoney, pnote, pvnpresponsecode, pcodevnp, pcodebank, ptime, ptransactioncode, created_at, updatedat) VALUES (14, 128, 5, 24980000, 'Thanh toán đơn hàng', '00', '13559016', 'NCB', '2021-08-06 09:32:00', 'I2kr7ig39YVJ3HB', NULL, NULL);


--
-- TOC entry 3371 (class 0 OID 0)
-- Dependencies: 209
-- Name: admins_id_seq; Type: SEQUENCE SET; Schema: public; Owner: postgres
--

SELECT pg_catalog.setval('public.admins_id_seq', 1, false);


--
-- TOC entry 3372 (class 0 OID 0)
-- Dependencies: 211
-- Name: categories_id_seq; Type: SEQUENCE SET; Schema: public; Owner: postgres
--

SELECT pg_catalog.setval('public.categories_id_seq', 11, false);


--
-- TOC entry 3373 (class 0 OID 0)
-- Dependencies: 213
-- Name: orders_id_seq; Type: SEQUENCE SET; Schema: public; Owner: postgres
--

SELECT pg_catalog.setval('public.orders_id_seq', 106, false);


--
-- TOC entry 3374 (class 0 OID 0)
-- Dependencies: 215
-- Name: payments_id_seq; Type: SEQUENCE SET; Schema: public; Owner: postgres
--

SELECT pg_catalog.setval('public.payments_id_seq', 15, false);


--
-- TOC entry 3375 (class 0 OID 0)
-- Dependencies: 217
-- Name: products_id_seq; Type: SEQUENCE SET; Schema: public; Owner: postgres
--

SELECT pg_catalog.setval('public.products_id_seq', 26, false);


--
-- TOC entry 3376 (class 0 OID 0)
-- Dependencies: 219
-- Name: transactions_id_seq; Type: SEQUENCE SET; Schema: public; Owner: postgres
--

SELECT pg_catalog.setval('public.transactions_id_seq', 1, false);


--
-- TOC entry 3377 (class 0 OID 0)
-- Dependencies: 221
-- Name: users_id_seq; Type: SEQUENCE SET; Schema: public; Owner: postgres
--

SELECT pg_catalog.setval('public.users_id_seq', 1, false);


-- Completed on 2021-10-26 14:29:51

--
-- PostgreSQL database dump complete
--

